:020000041100E9
:10300000F7B5164B0192C318021D002000938823C8
:103010005B05D3181B685C1C1AD09CB2402C18D8D6
:103020008D781E0CAC466746CD782D023D43AE42EE
:1030300006D1019800280ED110000C70240A4C70A3
:1030400003249BB20733A343D218009B9A42DED3DA
:10305000FEBD4432F9E71000FAE7C046FC0F00005D
:10306000802213B503000324019189B25201073174
:103070009B18A14304305A1A88235B05C3181B68A8
:10308000591C03D190429241104016BD99B240297B
:1030900007D80B000733A343C0189042ECD300209D
:1030A000F3E74430F9E7134B134A1B68126810B575
:1030B000FA24934201D81A00F824104BE4021B684A
:1030C0009A4210D813000E4A12689A420ED3013366
:1030D00007D1F823DB029C4203D10A49054808F0D6
:1030E000BBFE200010BDFC24E402ECE7FE24E40259
:1030F000F7E7C04600C0071100D0071100E0071134
:1031000000F00711FFFFFF7FF0B59BB015000390A3
:103110000491402A5CD806AC61802280FFF7C3FF8F
:10312000002221000600FFF76BFF05280FD9238836
:10313000AB420CD1002D07D0504B2A000399C01888
:1031400008F092FE002802D101201BB0F0BD2580BE
:1031500030000699FFF784FF041E79D1069B079380
:10316000FFF7A1FF80235B01C618802307001B0324
:103170009E4201D1F826F60288235B05F3180193DD
:103180001B68013302D0019808F026FD3C490198E4
:1031900008F062FE3B1D0293331D05938822029BBB
:1031A00052059B181B6808935A1C13D188235B0592
:1031B000FF1839680198013908F04EFE380008F010
:1031C0000BFD30000799FFF74BFF0400002C41D1A5
:1031D0000020BAE744219AB20091402A04D8032083
:1031E000D11D814389B2009104991B0C8B4224D0DC
:1031F000402A22D80122300008A9FFF701FF021E51
:103200001BD1380008A9FFF7FBFE04000428DDD914
:10321000009A059B9B1880225201B21893422AD231
:1032200088235B05C118009A09A808F025FD134BF7
:10323000009A09A9F01808F027FD009A029B94460D
:10324000634402930F4B029AFB189A42A6D3ADE750
:103250000428BDD088235B05E018069908F0FCFD22
:103260000323EA1C9A4300D16EE7044B0399E0184C
:1032700008F00AFD68E70424ECE7C04604000011EA
:10328000FFFFFF7FF80F000073B504001600402A0F
:103290001ED801AD6980FFF706FF002229002A80B1
:1032A000FFF7AEFE042810D92D88002E0BD0002C7D
:1032B00009D0321CAE4200D92A1C074B92B2C11869
:1032C000200008F0D9FC28B276BDC04300B2FBE76D
:1032D00003204042F8E7C0460400001137B504223D
:1032E00004000D0001A81649FFF7CEFF02000428D4
:1032F0000BD1019BA34208D3AB4204D0104901A8D3
:103300000195FFF701FF01203EBD0E4C2368200010
:10331000019308F061FC019920000139019108F046
:103320009BFD80235B01E418074B9C42EED10422F5
:10333000034901A80195FFF7E7FE0020E4E7C04636
:103340005555000000C0071100000811F0B589B004
:1033500008F0EAFC10226946264808F09DFB264B3F
:10336000009A6C469A4211D1019B0F2B35D80699D1
:10337000029A8C4618001100002604AD013808D2CC
:10338000002E01D00A00A16001322FD10023A360DA
:1033900023E04F1CF2D161460126EFE710361022E0
:1033A0002900300008F078FBA368A868013300D139
:1033B000A060882329685B05C9186B6829601A0317
:1033C000120B6A60814203D03B4201D108F054FCE9
:1033D0006368013B6360002BE0D1A368002B03D03E
:1033E000049304984168084709B0F0BDE027014EF6
:1033F0003F03F0E700000111504859368022F8B52C
:10340000964C974BD200002120001C6008F004FC71
:103410002300944A88331A60934B1A786A23002A4F
:1034200000D01133E3620A232365904B37221B78C7
:103430000820A3638E4B2118E361102323628D4B78
:103440003B256361C823DB00A36123008C331A6032
:103450002823013AE26320646364CA67043A211DA9
:10346000CA672100BC310D602100C0310860210015
:10347000C4310B6021000635CC310D602100083DC0
:10348000C8310D602100D0310A602200D4321060B2
:103490002200D832136022000227E0322100176098
:1034A0004222DC310A6021001B3DE4310D60210025
:1034B000E83108602100EC310B6023000521F43372
:1034C00019602300F0331A602300183290331A6019
:1034D00023009433186023001E3A98331A60AF23F8
:1034E000DB002360644BFA262363644B644DE36086
:1034F000644BF031A3642300FF31FC33B600A160BC
:1035000021611E60A5627325E5656D3D6565A56554
:1035100096255D4AAD00E264666258606766A566FE
:1035200000270925A767E566584F594D60672000B9
:103530002567E2673A6015279C30676007001A200C
:1035400038602000A0300700212038602000A8301B
:1035500007004C4838602000F830066026006427D9
:10356000A436376026005F3FAC3637602600033F45
:10357000B03637602600C637B436376026000027DD
:10358000B836376038269E60424E96205E64424EC2
:103590005A66DE61414E9A645E62F53EFF3E9E626F
:1035A0001E269A67354A8000DE661F675F67DD6505
:1035B0001D661862DA67BE23394A5B00E250394B58
:1035C000D838235004302250C4225200A350C623BE
:1035D000E4205B00E1500433334AE1503349344B7B
:1035E000D1603449800019503349E938FF38195007
:1035F00032490430195032493248D161324911639D
:10360000324951631900F4310860CE20304940003E
:1036100011603049195019002F48F83108602F49BE
:10362000D16582212E4A89005A501A002D4908324C
:10363000D1671A002C49B432116088212B4A8900C5
:103640005A501A002A49883211602A4ADA6408F06E
:103650005BFB012008F058F9F8BDC0460004FF1FCD
:10366000D866FF1FA071FF1F6B42FF1F4A0AFF1F92
:103670003A07000080C3C9019A020000DC0500007F
:103680006A18000050C3000088130000F009FF1FF3
:10369000204E00006509FF1F68100000C4090000EB
:1036A00040420F0010270000FC00FF1FA91CFF1F55
:1036B0000000FF1F012DFF1F8930FF1F212FFF1F5B
:1036C0006920FF1F6127FF1F8520FF1F3522FF1F75
:1036D000F51FFF1F8529FF1F6D2AFF1F8D19FF1F73
:1036E0009128FF1FBD25FF1FC925FF1FF51EFF1FC6
:1036F000AD1FFF1F6D1EFF1FF7B5002203780400EA
:10370000013B0092012B0ED9F7BD6368009A2B4D47
:10371000995C0B09012B0BD1294A11702B70009B6E
:103720000133DBB20093237A009A9342EDD8EBE7A2
:103730002A78002AF3D0501C834201D00023EDE701
:103740001F48DBB2019081542B700E2BE7D100276C
:10375000019BDE5D632E16D96421300008F004F968
:103760003030C1B2012007F00DF90A21300008F015
:10377000FBF80A21C0B208F097FA3031C9B2012033
:1037800007F000F901E0092EEFD80A21300008F017
:103790008BFA3031C9B2012007F0F4F8013720214B
:1037A000012007F0EFF80E2FD2D10D21012007F0F4
:1037B000E9F80A21012007F0E5F8BFE75C42FF1FA6
:1037C0005D42FF1F30B587B002AA1100064B31CB16
:1037D00031C11B680B60012102980091049A039982
:1037E00007F094F807B030BDACBF00110223F0B56C
:1037F0000124684D91B02B70674B684E1C70684F68
:1038000003933368210008207B7006F043FE0021FB
:10381000082006F091FE082006F01CFE00239842C6
:1038200005D07A78552A02D0332A00D09FE0336041
:10383000072007F0D3F808F007FAFFF7DFFD08F0DC
:10384000E3F81F2201240021564B1A70564B1C70BE
:10385000564B1970564B19689143163A0A431A6031
:10386000602219689143403A0A431A6008F024FA2A
:1038700008F03AF84F4B9847C120FF214E4B80008B
:103880001A588A431A50C522920098588843BF3963
:10389000014399509858494908408021C901014382
:1038A000802099509958C0050902090A014399508E
:1038B00080214348490108F037F803232200414999
:1038C00001940093404808F05FFA2C223F4905A874
:1038D00008F0D2F905AC6178207806F0DBFD0234FF
:1038E00010AB9C42F7D13A4C3A4B226803201A4065
:1038F000A023DB0213432360802322689B0413432D
:1039000023602268344B1A4080239B0313432360B7
:10391000324A334B934200D8012008F045F808F0B2
:103920004BFA80232268DB0413432360287808F0D5
:1039300083F9039B1878C0B208F056FA08F054F9DE
:103940002849042008F010F906F0C6FE00F04EF8F1
:1039500000F070FDFFF736FF234D2C78002C12D1BC
:1039600000F010FE00F098FB200011B0F0BD0093B5
:1039700021001C4A042008F027F88023DB059C6204
:10398000FFF7E4FC54E721000120013506F0FAFFBF
:10399000E3E7C0464A0AFF1F6B42FF1F34F00040B6
:1039A0005460FF1F480AFF1F490AFF1F680AFF1FD4
:1039B000BCF00040E1A2000000E100E0FF00FFFFDA
:1039C0006C42FF1FF054FF1F6C52FF1FBCBF001161
:1039D00014F00040FF7FF8FFFFFF9FFF0080FF1FF4
:1039E000A071FF1F3B00010868BF0011002210B545
:1039F0001100112008F0B0F810BD0000F8B5002348
:103A00000926374F374C3B62E3681120B343E3602C
:103A100008F09AF8112007F05FFF112008F00CFA67
:103A20004023226880251343236080236268DB02E1
:103A300013436360A3682C4A2B43A360A36802214D
:103A40001340A3608023A2689B0113431022A3604C
:103A5000236C072093432364236C0F3A134323649E
:103A600080235B003B62226B204B1A402263626B17
:103A70001A406263A26B1A40A263E26B1340E363D5
:103A8000E3681B4A1340E36006F004FD01210720B0
:103A900006F080FD174B11205A6C15435D6408F049
:103AA00033F8FD21144B154A89005A508023C72052
:103AB000626B5B0313436363E36880003343E3603B
:103AC0000F4B104A19581140802212020A431A5013
:103AD000802292051A6008220B4B5A63F8BDC0463B
:103AE00000F000403CF00040FFFFDFFFEFFFEFFF82
:103AF000FFFF7FFF003800400000FF1F5118FF1F2D
:103B000000E100E0FF00FFFF00000540E12010B5EC
:103B1000C00408F0D9F810BD70B51A4CE388002B2A
:103B20002AD0FA22D200934201D2FFF7EFFF236896
:103B3000E088A688C0188023711C89B2124D2060CD
:103B4000A1809B00994218D3420A93B2C21AEB801B
:103B50002260A6800D4A642093420AD8FA220020EF
:103B6000D200934205D90A21180008F0DDF9C838BF
:103B7000C0B200232872E38070BD07F0F5FE83B267
:103B8000EB80E7E7685FFF1F3460FF1FB70B0000A3
:103B900030B503A804880B20002C0ED14968074DCE
:103BA00008784978090201430A20A94205D1012178
:103BB00020001980024B1B7A137030BD192A0000B7
:103BC0003460FF1FF7B5150008AA16884A680F4F22
:103BD00014785278120222430A24BA4214D10122E4
:103BE000DBB2019200962A0007F010FE041E0BD1F2
:103BF000074B1B68002B07D068782A780002104317
:103C000042425041013098472000FEBD0229000089
:103C1000785FFF1F30B5012503790400BFB02B4248
:103C200011D00A49408807F061F928420BD0084BAF
:103C300001A95B8D4D800B80064B00221B7A6088AA
:103C40000B7104F0F7F93FB030BDC046705FFF1F45
:103C5000C03EFF1F3460FF1F10B50549054807F03F
:103C6000FBF80421044A054807F0B8F810BDC04627
:103C7000705FFF1FFFFF0000E8BF0011C03EFF1F85
:103C800010B5024805F05AF810BDC046153C0011A9
:103C9000F0B593B005921F00DAB20F239B1ADBB286
:103CA00002930E239B1ADBB204931C9B049A023BE3
:103CB0005B0806AC199DDB00134303903A000191A9
:103CC000601C0599237007F0D7FF230000222C0009
:103CD0000299013B8A4250D1002C00D0BCE0102256
:103CE00021000AA80AAE07F097FF330006A81A7849
:103CF000215C01344A401A700133102CF7D10AAA12
:103D00001100019807F028FE2022212006AB9B1805
:103D1000049A05991A7006AB3A00C01807F0ACFF78
:103D20000EAB781C0021029A181807F075FF2F219E
:103D3000012306AA521813700494002D22D12B00DF
:103D400029000EAA0298013A834200D080E001982F
:103D500006AA0EA907F000FE06AA3378525D0135C7
:103D6000534033700136102DF6D11C9A1B980AA9C6
:103D700007F082FF002013B0F0BD01321C74D2B2F4
:103D8000240AA5E72C00102D00D9049C039B002BCE
:103D900019D106AF1900049A380007F03DFF220040
:103DA0003800189907F068FF039B0AAA1178F85C9D
:103DB0000133414011700132102BF7D10AAA1100D2
:103DC000019807F0C9FD06AF3A0001980EA907F067
:103DD000C3FD0023189AF95CD25C4A401A99CA5470
:103DE00001339C42F6D1039B012B19D110220021F3
:103DF000380007F011FF220038001A9907F03CFF45
:103E000000230AAA06A811781F5C013379401170BB
:103E10000132102BF7D10AAA1100019807F09CFD7E
:103E200000221A9B2D1B1B191A93189B0EA91B19F4
:103E30001893029B9A4200D17FE7CB7B0139013373
:103E4000DBB20B74002B00D077E70132D2B2F0E77F
:103E500001331174DBB275E7012040428BE70000AB
:103E600010B5134A134B5179134C19701179200076
:103E70005970D17899709178D970517812781971F8
:103E80005A712E2252429A712A32DA7145321A72CE
:103E90000A49313AFFF7F8F9102808D0102120001C
:103EA00007F0EAFD102220000449FFF72DF910BDAC
:103EB0006509FF1F8C5FFF1F7C5FFF1F0DBC0000AB
:103EC000F0B5431805000020114F124A3E8889B012
:103ED0000C00114956720792320A4A70320ECA70AB
:103EE00088701E70042639889870090A5970D87035
:103EF0009B19039301940D230849079A0496029590
:103F00000095FFF7C5FE0834E0B209B0F0BDC04629
:103F10003460FF1F8C5FFF1F955FFF1F7C5FFF1FDB
:103F2000012202700C4A0300117A41700C20987033
:103F30009179D970D17919713A21597192789A7120
:103F40003E22DA71054A117B1972517B5972917BBD
:103F5000D27B9972DA7270473460FF1F4060FF1F96
:103F600070B51F4A1F4BD17C04001B681E4A0029F4
:103F700006D1190604D50323137000F039F870BD7B
:103F800000211170022219002270013A627005327C
:103F9000A27010322271443A62712A32A271243224
:103FA0001140134210D0250041230835E371280049
:103FB000FFF7B6FF0C212800FFF782FF0430C0B2E4
:103FC000E0700430C0B2DAE740232000E371074B11
:103FD00021721B880A306372FFF7A2FF1220EFE7FD
:103FE0004060FF1F5860FF1F5262FF1F3460FF1FB9
:103FF00010B5040006220E4907F03EFE16220D49B8
:10400000E01D07F039FE0C4B1B789B0963770B4BC7
:104010001A7A0023502A06D840333C2A03D840336A
:10402000192A00D84033A37100231F20A37710BDA5
:1040300000C00011BB5FFF1FB55FFF1F3460FF1F93
:1040400010B5142007F058FE124B142200211860FE
:1040500007F0E2FD002007F09FFE012007F044FF7B
:10406000022007F0B9FE032004F00AF9042006F04C
:1040700023F9052003F042FB062004F015F8072081
:1040800001F080F9082006F089FE092000F0D6FE34
:1040900010BDC046D45FFF1F07F00EFF002007F0E1
:1040A00093FD07F021FD0000094B10B50400984274
:1040B00005D0012904D12000064906F0CDFE10BD2F
:1040C0000229FCD1013904F0F3FD0028F3D0F6E712
:1040D000FEFF0000FA5FFF1F70B50D7A100004AA02
:1040E0002C00168810221440154220D1002E20D119
:1040F0000A78022A18D14A68517815780E4A0902BE
:104100002943914205D00D4A914209D01C800A24CE
:1041100004E014220A491A8007F0AEFD200070BDA9
:104120000C2208491A80F7E71C800124F6E70824CE
:10413000F4E70B24F2E7C046F3FF0000F4FF0000B1
:104140008C40FF1FA8C0001110B5040007490848A3
:1041500006F082FE074804F02DFD0020E40704D598
:104160000721054A054806F039FE10BDFA5FFF1F1A
:10417000FFFF0000A940001130C00011043FFF1FE5
:1041800010B50B4BBEB01A780A4902A800F0B6FA77
:1041900001AC80B26080002808D0074B00221B8849
:1041A00021002380054B188803F044FF3EB010BD6A
:1041B000D85FFF1FD95FFF1F5E3FFF1F6040FF1FDB
:1041C00010B50B4BBEB01A780A4902A801F09EFB4D
:1041D00001AC80B26080002808D0074B00225B8DC4
:1041E00021002380054B188803F024FF3EB010BD4A
:1041F0000260FF1F0360FF1F043FFF1F6040FF1F9F
:10420000F7B50E00377A1C0008AB11003D001A8884
:1042100020231D401F423CD13378022B3BD17368D1
:104220001F785B781B023B431E4FBB4208D01E4FDA
:10423000BB4214D01D4DAB4221D00A252800FEBD43
:10424000002A2AD1142C2AD82200F06807F014FD85
:10425000174B1C70012CF1D9FFF7B2FFEEE7002AD3
:104260001BD1202C1BD82200F06807F005FD114B54
:1042700004211C70104B187807F05EFBDEE7E3B2F8
:104280000124009201940A00310007F0BFFA0500F2
:10429000D4E70825D2E70125D0E70B25CEE70D2589
:1042A000CCE7C046F3FF0000F4FF00000229000045
:1042B0000260FF1FD85FFF1F7460FF1F332310B51C
:1042C000040003700A220749013007F0D5FC064BB1
:1042D0000F201B681A0AE37222731A0C1B0E6273FA
:1042E000A37310BD3460FF1F6460FF1F30B501254C
:1042F00003790400BFB02B4213D00B49408806F06D
:10430000F5FD28420DD0094B01AD1B8802A82B807A
:10431000FFF7D4FF0F236B8000222900608803F091
:1043200089FE3FB030BDC046FA5FFF1F5E3FFF1FF2
:1043300010B5024804F002FD10BDC046ED42001168
:1043400070B5160004AA148805AA15784A68507832
:10435000117800022A4A0843801805284BD807F034
:1043600093FD03131E29343F0720042C0BD805228C
:10437000121BAA4200D92A0022491A8030000919CA
:1043800007F07AFC002070BD0720112CFBD8122208
:10439000121BAA4200D92A001B491A80EEE7072007
:1043A0000E2CF0D80F22121BAA4200D92A0017495E
:1043B0001A80E3E70720032CE5D80422121BAA4247
:1043C00000D92A0012491A80D8E70720032CDAD82E
:1043D0000422121BAA4200D92A000E491A80CDE7F6
:1043E0000720042CCFD80522121BAA4200D92A008C
:1043F00009491A80C2E700220A201A80C3E7C04692
:10440000DCD5FFFF7CC000112060FF1F6CC00011D5
:1044100067C0001162C000115CC0001110B50D2111
:10442000024A034806F0DAFC10BDC04650C0001135
:10443000743FFF1F10B5084CE368002B08D18022A1
:10444000064B52021B689B186360054B1B68236078
:1044500007F03AFBA06010BD6460FF1FC8F0004089
:10446000CCF00040F0B5184A936A916A9942FBD1AA
:1044700016498A689A421FD39A1A8B60144B4C686B
:10448000186893B2D2024343D20E42431B0A086813
:104490001B1912029B180024020001270D4D4B60CE
:1044A000561CAB420BD8002C01D010000CC10A4A9C
:1044B00013600A4B1860F0BD581E821ADDE7084AE7
:1044C0003C009B183200EBE700F000406460FF1FE7
:1044D000140AFF1F40420F00C8F00040CCF000401B
:1044E000C0BDF0FF70B51E4C23793F2B01D93F238F
:1044F00023711C4A13701078C0B207F0FDF918231D
:10450000194A1A4913801A4A0B8013804B80A079EC
:104510000C3B421C53438022120193421ED81A00C6
:10452000144D888028801448CB8002806279002A4C
:1045300001D101326271237A012B01D80223237247
:1045400053430E480A21584307F0EEFC0C4D2860F7
:10455000E379052B01D81023E37170BD1300DFE769
:104560005860FF1F480AFF1F5E40FF1F0842FF1FE1
:104570005C40FF1F5A40FF1F5840FF1F71020000A0
:104580004060FF1F70B521210020FEF7A7FE0C4CF4
:10459000002805D10B4B23CB23C4FFF7A3FF70BD2D
:1045A0000C2220000849FEF76FFE0C2802D0054BB4
:1045B00023CB23C41C2205490548FEF765FEECE722
:1045C0005860FF1F9CC00011FC0C0000D1F10000DE
:1045D000B55FFF1F10B50C2202480349FEF794FD9A
:1045E00010BDC0465860FF1FFC0C0000F0B51D4C0C
:1045F0008022A5440400882069465201400507F046
:10460000B3FB902212016A441300200032C832C367
:1046100016C816C38023144C144FA6689B0333435B
:10462000A3603B6007F020FA8823A0685B05C018F0
:1046300007F0D2FA0025882329008022A0685B05B4
:10464000C01840196944520007F01EFB8023013551
:10465000FF355B019D42EED1A6603E60044B9D4458
:10466000F0BDC046FCEFFFFF7C41FF1F9808FF1F15
:1046700004100000F0B587B0051E6C4627D06846D0
:1046800007F062FC1B4D022806D10622694628006D
:1046900007F0EAFB002818D00F2221000023012098
:1046A00094460600EA5C013317091037BE40370014
:1046B000664632400600964032003A434A61043969
:1046C000062BEED12000FFF791FF07B0F0BD1822B6
:1046D0006946094807F048FBAB00E358013305D0B1
:1046E0001822FF21200007F097FAEBE70135062D8D
:1046F000F2D1EAE76509FF1F000900110023F0B5B8
:1047000085B004000E00150000939A4200D1CAE162
:104710008A784B1C01934B7812021A43CB780F789E
:104720001B0413430A79077012061A430023390049
:104730004370C0480092039201F026FC232F41D819
:10474000172F1DD8002F00D183E0B81FC3B20B2B49
:1047500028D9012F3ED1AB1EB74F132B07D8737842
:10476000002B00D0DBE100F0C9FA00F0FFFAB34BF8
:1047700039001B78601C5A1E009307F07DFA92E105
:10478000380018380B28E4D807F096F98800AF00F5
:104790002B01E3FFE3FFE3FFE3FFE3FFE3FFE3FFBF
:1047A000E3FF90010B28D4D807F086F92E012701EA
:1047B000D3FFD3FFD3FFD3FFD3FFD3FFD3FFD3FF69
:1047C0009201B201562F63D01FD8332F00D166E17A
:1047D000552F46D0DB2F00D0B0E1042D00D881E06A
:1047E000052D00D1A7E16F1F3A000098711D07F059
:1047F00043FA05223100200007F03EFA3A00009902
:10480000601D07F039FA00954DE1712F00D102E1EA
:10481000722F00D13AE1DC2FDCD1022D62D97378FE
:104820006370B378A3706B461F88032D05D0033DDA
:104830003900AAB2F01CFEF767FC10223900E01C18
:10484000FEF722FDC31C0093002800DB2BE1607003
:10485000CEE00C2220007A4907F00EFA0C230093D8
:1048600021E16A1E774D0C2A10D8002A07D02800B3
:10487000019907F001FAFFF735FEFFF7ABFE0C22B6
:104880002900601C07F0F8F90D23E8E70C22EEE799
:104890006C4D6D4B2A0043CB43C2ECE76B4E112DA0
:1048A00012D110223000019907F0DEFA00280BD057
:1048B00010220199300007F0DFF91022644930001E
:1048C000FEF722FCFFF7CCFA102230006049FEF719
:1048D000DBFC0200102805D13100601C07F0CCF988
:1048E0001123BCE7FF23637082E0102D53D177784A
:1048F000032F0DD1574D0E22B11C280007F0BCF933
:104900000E222900A01C07F0B7F967701023A6E754
:10491000042FE7D1504DB11C0E22280007F0ACF94E
:1049200029000E22A01C07F0A7F94A4D4B4E1C226D
:104930002900300007F098FA002829D01C2229000D
:10494000300007F099F91C2230004549FEF7DCFBE6
:1049500040232A785B421343290028002B7000F083
:1049600035FA404E06222900300007F07DFA002873
:104970000ED006222900300007F07EF906223A49BF
:104980003000FEF7C1FB0123384A11780B43137046
:1049900004236370BAE7022DA4D17678012E10D1DA
:1049A0002E4D1C2228002E49FEF76EFC1C2806D135
:1049B0000E222900A01C07F05FF96670A6E7FE230F
:1049C00091E7022E8ED11C2224482549FEF75CFC7B
:1049D0001C28F4D10E222649A01C07F04DF9657061
:1049E00094E7022D06D17378002B03D101F0A0F9D2
:1049F000022334E701F08AF9FAE712221D49601C0C
:104A000007F03AF913232AE708221B49601C07F034
:104A100033F9092323E7012D34D07178F02900D927
:104A200060E7164D288801F0A3FE154B2A88520036
:104A3000D35A58E775BF00115562FF1F5362FF1F1D
:104A4000A8C000115860FF1F9CC000117C5FFF1FB1
:104A50000DBC0000995FFF1FA75FFF1FB55FFF1F21
:104A6000D1F100006509FF1FADAC00005460FF1FCD
:104A7000C35FFF1F2060FF1F8041FF1F6040FF1FBB
:104A8000DC66FF1F3F4A404B1288D0E73F4B012DA9
:104A900003D072781A706270AAE71B7823E72000AF
:104AA000FFF70CFC0090009805B0F0BD042D05D96F
:104AB000374D009B2B6007F007F8A860FFF7D2FC8A
:104AC0000422039003A9601C07F0D6F80523C6E66C
:104AD000304E062D15D906223000019907F0C4F991
:104AE00000280ED006220199300007F0C5F80622F2
:104AF00029493000FEF708FB0123244A11780B43B3
:104B0000137006223100601C07F0B6F80723A6E6F2
:104B1000012D00D1E6E67078FFF7ACFD68E7013DB6
:104B20002A000199380007F0A7F838001B49AAB2FB
:104B3000FEF7EAFA19E6152510275AE6DA2F00D013
:104B4000D0E6042D00D8CDE6082D17D9B3797279B7
:104B50001B021343F27912041A43337A1B061343E0
:104B6000009A1360009B05221B683100200003930C
:104B700007F082F80422601D03A948E7FE23637052
:104B8000F0E7C0466040FF1FDC66FF1F5460FF1F58
:104B90006460FF1F6509FF1FADAC0000AEDE0000C2
:104BA00070470000020010B5094B0A32094C92B25E
:104BB000DA815A8298811882207802F03DFC042222
:104BC000054B012120781A7006F0B6FE10BDC046D4
:104BD0000C41FF1F9E62FF1F9D62FF1F013870B5D1
:104BE000042809D807F050F9030927081200204BC0
:104BF0000221187806F0A0FE70BD1D4B0821187820
:104C000007F04AF900221B4B1A74F5E780220024B2
:104C1000184B52001A82FA22DC74174B144D5B7A3F
:104C2000920008215A43287806F076FE2100287861
:104C300007F092F8E0E70E4B0821187807F02CF9FE
:104C40000E48FFF78DF90C4B0D4A9B7993800D4A66
:104C500013800022074BDA740132FF321A820A4BAA
:104C60001B78002BC8D0094A136007F015F8C3E77A
:104C70007460FF1F4060FF1F5860FF1F6940FF1FE7
:104C80000842FF1F5A40FF1F5460FF1F34F00040CE
:104C900010B5012906D1082804D1034B7F311878BB
:104CA00006F04AFE10BDC0467460FF1F10B5002913
:104CB00006D1082804D1034B8031187806F03CFE59
:104CC00010BDC0467460FF1F0300F0B50A4D8E187A
:104CD000B14202D152008018F0BD0C782F6824092F
:104CE0003C5D0F271C700C7801313C402F683C5D07
:104CF0005C700233ECE7C0465440FF1F0E22124B9B
:104D000010B51A700D23114C11492370093A043B58
:104D10001048637006F0B0FF2D2301220E490F48A2
:104D2000E371FFF7D1FF01220D49FFF7CDFF01220B
:104D30000C49FFF7C9FF030000200B49020018705F
:104D4000FEF7E2F910BDC0467262FF1F5362FF1FFB
:104D50007CC000115562FF1F6709FF1F5B62FF1FC8
:104D60006609FF1F6509FF1FAEDE000070B5134C1A
:104D7000142220001249FEF787FA431E114D132B0F
:104D800019D8AB78002B16D0431C2B7009236B70FD
:104D900000230019037028780B4B01302900C0B2A2
:104DA000187006F0A1FF297822000139C9B200204D
:104DB00005F032FF70BDFFF7A1FFECE75562FF1F62
:104DC000AEDE00005362FF1F7262FF1FF0B54A782B
:104DD0004F790E79CD788C780B7807704670857096
:104DE000C47002714371F0BD10B5114B1A78187080
:104DF000002A0ED000280BD10E4B1A78062A07D8AD
:104E00005423D340DB0703D50B4B187802F014FB77
:104E100010BD0028FCD0074B1B78012B02D0033BB0
:104E2000022BF5D8044B0121187806F085FDEFE739
:104E30007662FF1F9D62FF1F9E62FF1FF7B55C4CED
:104E400000212070012005F077FB5A4A5A490820BA
:104E500005F020FCFA22802192008901207806F0DA
:104E60003BFF06F091FE032254495548FFF72CFF03
:104E70002D25030088211D70042249050130FFF70C
:104E800023FF302305704F4E4F4D437083702E3BF0
:104E9000062230004D49EB87FEF7F6F9062813D0BD
:104EA000300007F051F8022809D00321300006F045
:104EB000E3FD8D23F3706E3B33711933737106225A
:104EC00030004249FEF720F9414B1B68FC335E6419
:104ED000FFF74CFFFEF7C4FF0020FFF785FF3D4EB4
:104EE000802231683C4F080001973C4B3C4F1040FA
:104EF000114254D07D3A01981A70FFF779F8387052
:104F00003A78384F01213878019B02F057FA364A37
:104F1000364B12783878002102F050FA0122344BD7
:104F2000344F1A70344B5B78552B3AD1193B7B7454
:104F3000324A334BAB81EA812B826A82202120786E
:104F400006F032FF0120404205F0B2FE012040424F
:104F500005F04EFFFFF762FAFEF77EFE00F070FFED
:104F6000284800F0BFFF01204042FFF7EDF8012084
:104F700006F042FFF02001F0DFFB0121207806F06F
:104F8000DBFC207802F0B4FB1F4806F0D5FDFEF7ED
:104F900035FD1E4B1E4A9B689B18BB60F7BD187001
:104FA000AEE76422737953431A000A32C2E7C0465F
:104FB0007460FF1FAD4C0011914C00118041FF1F28
:104FC0002060FF1F6509FF1F0C41FF1FADAC0000F3
:104FD000D866FF1F5860FF1F6940FF1F5262FF1F06
:104FE0008840FF1F9E62FF1F7262FF1F5362FF1FF8
:104FF0004462FF1F4060FF1F5460FF1FCE09000086
:10500000C409000084BF00117660FF1F6460FF1FA9
:105010000000B8FCF8B50A0020230D001A40194220
:1050200000D16BE0894B1B78002B3DD0FFF71AFABB
:10503000874B884C884E99686268737A8A1ADB03BA
:105040009A4234D36160FEF7D9FC637C002B28D0F0
:10505000013BDBB26374002B23D1804B5B78552B73
:1050600001D106F019FEE37C7D4F002B32D0F3799D
:105070006374BB78002B14D1A27C002A02D0A374E5
:10508000FEF74AFD3B88774E013330003B80FEF748
:1050900067FF310006F008FD0023C820E374FFF726
:1050A00081FD237C0133237420206840F8BDA37C5C
:1050B000002BCAD00023A374FEF72EFD684A694F67
:1050C0001388380001331380FEF74AFF390006F0D9
:1050D000EBFCBAE7A27C002A02D0A374FEF71CFD09
:1050E0003B8801333B805F4F3800FEF739FF3900C2
:1050F00006F0DAFC642370795843D0E70BB2002B3A
:105100000ADA594B187806F017FE002801D006F08D
:1051100003FD80200002C8E70224214206D04D4B47
:1051200001201A74FFF760FE2000BEE780246400AF
:10513000214202D000F06EFDF6E70826314205D08C
:10514000FFF790F9FEF75AFC3000AEE7CB060FD51B
:10515000FEF7E2FC3D4B1B78002B07D1FEF790FDDC
:105160003D4B1B68DB0701D5FFF7E2F810209CE7F9
:1051700001240F002740214205D03C4800F0C6F82A
:1051800006F0D2FCD0E70B0644D5300005F062F9FA
:10519000334E00282FD1364800F0F6FE737A2342B2
:1051A00005D01A0001231343737280207DE7294B39
:1051B000717ADA6828480132DA600122114371728B
:1051C0002249B270097800291CD03188DA74013183
:1051D0003180C279234C5A741D4A264992682000B6
:1051E00052189A60FEF7BCFE210006F05DFCC82054
:1051F000FFF7D8FCD9E700F09BFD737AB770A343A3
:105200007372D2E703681342CFD0FFF72BF9FFF791
:105210008FF8CAE70424214202D0FEF7B1FF83E7EA
:1052200080246401214202D000F070FF7CE78024DA
:105230000800A4012040214200D137E7FA220A4B9E
:1052400021001878920006F047FD6DE77662FF1F97
:105250006460FF1F4060FF1F5860FF1F5460FF1F06
:105260003460FF1F6940FF1F7460FF1F4C40FF1F29
:105270008CBF0011000082FCF0B51A4B1A4F1B883E
:105280003A880400194E1A4D85B09A420DD83288DA
:105290009A420AD3174B1A882B889A4205D1164A8C
:1052A000164B12881B889A421AD0052001F09AFAF0
:1052B0003B8802A90B80338801904B802B88104DCE
:1052C0008B800E4B2A781B88CB800E4B188802F0FF
:1052D000BBFF0D4B08212878019A1C7006F0FCFCDE
:1052E00005B0F0BD4262FF1F5E40FF1F5C40FF1F24
:1052F0005A40FF1F4062FF1F3E62FF1F5840FF1FC2
:105300009E62FF1F6040FF1F3C62FF1F13B50C4BE6
:105310001C78002C11D1002801D00A4B18600A4AD1
:105320000A4B11780A4A10780A4A01920A4A0092F6
:10533000002205F069FB200016BD1124FBE7C046E2
:105340009D62FF1F3862FF1F9C62FF1F8C62FF1F60
:105350009E62FF1F7862FF1F7C62FF1F10B5064B25
:1053600012201B78052B06D1044B13221988044BFD
:10537000187801F013FC10BD9D62FF1F6040FF1FF5
:105380009E62FF1F10B500240122114B524218707B
:10539000104B1C70104B1A8002F0AAF904220F4B1C
:1053A00021001A700E480C3206F026FC1022210053
:1053B0000C4806F021FC07220B4B1C600B4B1C70A9
:1053C0000B4B1C700B4B1A700B4B1C7010BDC04666
:1053D0009E62FF1F9D62FF1F6040FF1F9C62FF1FB8
:1053E0008C62FF1F7C62FF1F7862FF1F5262FF1FEB
:1053F0005162FF1F6240FF1F5062FF1FF8B5174C3C
:105400000600257806A814240078052D23D1B41FA2
:10541000134FA5B21824BD421DD88D1FADB2BD4299
:1054200019D8FA256D00AA4215D21D000D4F0A3D6C
:10543000ADB2BD420FD80C4C26800C4C21800C49DB
:1054400000240A800B4A1380FFF716FF0A4B042141
:10545000187806F021FD2000F8BDC0469D62FF1FB0
:10546000790C0000750C00005E40FF1F5C40FF1FC0
:105470005A40FF1F5840FF1F9E62FF1FF0B50BB23E
:105480000D0089B0002B00DB70E1A44E307806F0EF
:1054900053FC041E50D00378A22B00D122E1D02B64
:1054A0001AD0912B45D143780E2B42D19C4B828848
:1054B0009A423ED19B4B1B78052B3AD1836803203F
:1054C00018567F2835D0984B1B68002B31D05B686D
:1054D000002B2ED098472CE08078072829D806F09A
:1054E000D3FC0428183F3F74A8D86378002B0CD154
:1054F00001218C4B19708D4B1A78002A5BD08C4B94
:10550000307801F05BFF002855D00722854B1A70D8
:1055100051E061780029F8D1E378002B11D0854A59
:10552000854B1278307801F049FF60706378002B6A
:10553000EBD1200006F0F0FA80200002684009B0AC
:10554000F0BD784B1B78022BF3D00121307806F0A8
:1055500043FA0028EAD10121307806F0EDF9E5E7B9
:105560006378002BD1D16F4F032807D13B78052BEF
:1055700002D101333B701EE00223FBE76F4B1A8818
:105580006F4B0293002A0BD01B78002B03D0012114
:10559000307806F0A1FB3B78062B04D1013BE9E70C
:1055A000029B1A70F7E7042B41D10121029B30784E
:1055B000197006F0C1F95C4B1B68002BB9D01B6851
:1055C000002BB6D0574A107884E76378554F002BEC
:1055D00027D10622211D5B4806F04EFB62895A4BFB
:1055E0005A491A80A2895A4B1A80E3890B800521F7
:1055F000397058490A80584A1380228A574B1A80BA
:10560000574B1B78012B09D11F2001F0EBF8FA2230
:10561000920042430421307806F05EFB0022484BA2
:1056200075E7312B00D070E70022454B1A70032339
:10563000A0E706220021434806F0DEFA0023454A8F
:1056400004211380444A30781380444A138006F0C2
:1056500023FC0821307806F01FFCA379083B5A424E
:105660005341304A03331370304B1B78002B06D064
:10567000334B30781A78002A06D001F0DDFE012283
:10568000314B52421A8096E70121197006F054F905
:10569000F5E70821307806F0FFFB6378002B00D097
:1056A00047E72C4B2D4F0293E388029A0421138085
:1056B000294B307803932389039A138063893B80B5
:1056C00006F08AF9002800D033E7264B1B68002B30
:1056D00000D12EE7039902983A88098800881B6850
:1056E000984726E74379132B00D022E70389012B43
:1056F0000AD11D4B1B78022B06D10821307806F009
:10570000CBFBFFF72BFE14E7052001F06BF8082117
:105710000200307806F0E0FA0BE7C0469E62FF1FF9
:10572000051400009D62FF1F3862FF1F8840FF1FA5
:105730006940FF1F7262FF1F5362FF1F7462FF1FE9
:105740007662FF1F4562FF1F6040FF1F4C62FF1F14
:105750004E62FF1F4262FF1F4062FF1F3E62FF1F3B
:105760004462FF1F3462FF1F3C62FF1F8020C001A4
:10577000014200D0E2E6CB0731D5324B1B78002B3B
:105780001DD0314E05AC3378052B1AD1023B237066
:105790002E4B21001B7823722D4B1B7863722D4BEF
:1057A000187801F0AFFD002809D007202A4B30708F
:1057B0001B68002B03D01B68002B00D098470120EA
:1057C000BCE60E20254B06221B7825492370254B6D
:1057D0001B78637002ABC01806F04EFAD8E70223BC
:1057E00008001840194209D0174B1B78052B03D12C
:1057F0001D4B188806F028F902209FE60424214258
:1058000003D0FFF739FD200098E608230800184070
:10581000194200D193E6154B1C78012C03D0022CC1
:105820000DD008208AE6124B124A134913481B88F0
:105830001288098800880094FFF7E0FDF1E7FFF780
:105840008DFDEEE77662FF1F9D62FF1F6240FF1F26
:105850005062FF1F9E62FF1F3862FF1F5262FF1FD0
:105860006340FF1F5162FF1F6040FF1F3C62FF1F2C
:105870005840FF1F5A40FF1F5C40FF1F5E40FF1F44
:105880000200F0B501270A480A4E51188B1A002B66
:1058900000DCF0BD0824157843086840384040001B
:1058A000805B013C58406D08002CF5D10132EDE7DA
:1058B000FFFF0000B4C00011F0B500250F269D4287
:1058C00000DBF0BD4C5D070944403440A400A05803
:1058D00001357840F3E7000070B50C0088B06B46E6
:1058E0000F2610340A7801311500120935401D7059
:1058F0005A700233A142F5D120236946024AFFF7CC
:10590000DBFF08B070BDC046B8C00011F0B54E78DE
:105910000B7889B036020C00170001901E43012A53
:1059200061D9954B9E4200D877E001339E421CD14D
:10593000062A17D1CA788B7812021A430B791B04F6
:1059400013434A7912061A438C4B5A6100221A708B
:105950005A808B4A5A608B4A9A608B4ADA600020E0
:1059600009B0F0BD88225205EEE7884B9E423CD13B
:1059700082498B78002B00D0F6E00C2A31D10F221F
:10598000A3789343E278120213432279120413435B
:105990006279120613434B60E279A0791202024346
:1059A000207A00041043627A12060243CA60E27A47
:1059B000A07A1202024376484A81834208D804231F
:1059C0006E49142201980B7006F056F91420C7E7AF
:1059D0001201D21889235B059A42F0D801238B70FB
:1059E000BDE7022AFAD00523EAE76A4A0123964274
:1059F000E6D1FFF7B3FC052F0CD9E378A2781B02A0
:105A00001343227912041A4363791B061343624A33
:105A10000393136006F040F9A1E7584D2B78002B53
:105A20009DD1AB78002B00D1A0E02B8901339BB234
:105A30000093B34200D091E0132AD4D9CF7C8B7C61
:105A40003F02122120001F43FFF71AFF874200D0B8
:105A50008EE0002E3DD1E378A2781B021343227919
:105A6000E96812041A4363791B06134303930A225D
:105A70008B4212D1FF23A370E370237163716B8992
:105A8000002B09D1E37B227C1B0212041343A27B6F
:105A900013431B0901336B8100226B89002B8ED0CD
:105AA000002A67D1686837013818000B6B6900035A
:105AB0000390984205D9686106F08EF8EB780133BF
:105AC000EB7068681022A11C381806F0DDF82E81F2
:105AD00045E76F89009A7B1E9BB293423AD1E278E8
:105AE000A37812021A43237905A81B041343627991
:105AF0006C6812061A43EB6800920392211D0C2277
:105B0000049306F0B9F80120260004A9404210369B
:105B1000FFF7E2FE013F012F17D1009A0B23286106
:105B2000824200D04CE704221C49200006F0ACF869
:105B3000042203A9686806F017F9E968039AFF23AD
:105B4000914200D13CE7F73B3AE73100FFF7C4FE52
:105B50001036DFE70923B742A4D831E7009BB342F0
:105B600000D9FCE607232BE7022329E7032327E7D5
:105B7000062325E70A2323E7FFFE00008C40FF1FD2
:105B800000000111FFFF00005048593601FF0000DE
:105B9000FFFF001102FF000034F000409840FF1F9B
:105BA0000121174BF0B51A68164C8A431A601A681F
:105BB0008606B60F2240340322431A601A68124C3C
:105BC000870922401A604022BA4032410F263040F5
:105BD00088400E4C12042568ADB22A432260226828
:105BE0000B4D120C405B12040243226080221868A5
:105BF000520202431A601A6811431960F0BDC04690
:105C000004E00040FF8FFFFFFFFFFEFF08E00040C1
:105C1000F8C00011F7B5364B364C01932388019A32
:105C20005B009D5C344FFF2D2DD10321162004F025
:105C300031FC0021162004F01DFC01212F4B122005
:105C40001A688A431A601A680F318A431A6005F08D
:105C50007BFF122005F0B0FF00233B702388019AE0
:105C60005B00D318372280215B7849005A43244BCC
:105C7000187806F031F8238801339BB2732B00D9D2
:105C800000232380F7BD3E78002E2DD13200310055
:105C9000122005F061FF122005F036FF122006F0F9
:105CA000CBF828001025FFF77BFF164B16491A6822
:105CB00016200A401A601A682A431A60802219685E
:105CC00012060A431A60310004F0E4FB0A21162090
:105CD00004F096FC0121094B1A680A431A601A68FD
:105CE00015431D603970B9E72800FFF759FFB5E784
:105CF00018C10011A062FF1FA262FF1F00E0004058
:105D00007460FF1F04E00040FFFEFFFF802110B51C
:105D1000054B4900187806F0BFF80022034B1A80A3
:105D2000FFF778FF10BDC0467460FF1FA062FF1F21
:105D300001210E4B10B51A6812208A431A601A68A6
:105D40000F318A431A6005F037FF122005F0FCFE80
:105D50000022074B032116201A7004F09BFB8021C0
:105D6000044B4900187806F097F810BD00E0004099
:105D7000A262FF1F7460FF1F37B5094D06AC24886F
:105D8000A94206D10125DBB20195009405F03EFD44
:105D90003EBD044B00209942FAD00A30F8E7C046D5
:105DA000F440FF1FC440FF1F70B5100004AA1688FE
:105DB00005AA15780A4A0A248A420ED10134002E17
:105DC0000BD1084A1278111CAA4200D9291CCAB268
:105DD0001A80054906F0A0F80024200070BDC046D6
:105DE000E440FF1FA362FF1FA462FF1F70B5104EA7
:105DF00004003378BEB0002B18D0012503792B4264
:105E000014D00C49408805F071F828420ED00A4B96
:105E100032781B8801AD094902A86A802B8006F000
:105E20007BF800222900608802F004F93EB070BDC2
:105E3000A362FF1FB862FF1FEE40FF1FA462FF1F97
:105E4000002210B5054B064906481A7005F004F803
:105E50000621054A054804F0C1FF10BDA362FF1FDB
:105E6000B862FF1FFFFF000000C20011A440FF1F27
:105E7000F7B506000D000120002E1AD0002918D019
:105E800000242B1B1F1CDBB2142B00D91427FBB2E0
:105E90003119FAB20748019306F03EF8064B07485D
:105EA0001F7002F04BFF019B1C19A4B2A542E8D859
:105EB0000020FEBDA462FF1FA362FF1FED5D001165
:105EC000002110B5435C002B07D001311529F9D111
:105ED0000139FFF7CDFF010002E0C9B20029F8D176
:105EE000080010BD012310B5002802D0FFF7E8FF1D
:105EF0000300180010BD0388FE2B03D85A1C028033
:105F0000C01881707047F0B589B01D000EAB1B78CA
:105F100000920F9A02930E0061230190D20700D5E0
:105F200041230024DBB20A3B039304AF3000009905
:105F300005F0BAFE039BCAB2D318A446DBB2013403
:105F4000092901D83032D3B26246D355009B9E4214
:105F50000CD22300A5420DD800249D4200D3EC1A98
:105F6000E418013C002C09DA09B0F0BD102CF0D087
:105F70000600DBE7029A3A550134EBE7395D0198F8
:105F8000FFF7B9FFEDE700000FB4F0B55B4A8BB047
:105F900007921278109B0692032A30D8584A12783A
:105FA00004928122049952004A435649059155189A
:105FB00000210598115211AA09921978002923D1BC
:105FC000812304985B0058434E4A825A049801305A
:105FD000C0B2032800D80100049843430598C318B1
:105FE0009B1800229A70464B079A19708021069BD5
:105FF000490101331370444B187805F09DFC0BB038
:10600000F0BC08BC04B01847252905D00133039320
:106010002800FFF770FF51E05C789A1C0392252C52
:1060200001D12100F4E72027302C03D12700DA1C0E
:106030009C7803920026039B04E00A214E431C78BF
:10604000961901332200303AD1B203930929F4D9C9
:10605000692C1FD00AD8632C4AD0642C1AD0582C33
:1060600041D025212800FFF746FFDAE7752C27D01D
:10607000782C2FD0732CF4D1099B1C681A1D09921F
:10608000002C1BD02178002918D028000134FFF7FC
:1060900032FFF7E7099B1C681A1D0992002C04DAED
:1060A0002D212800FFF727FF644200230A220193D5
:1060B0002100330000972800FFF725FF039B7CE7B2
:1060C00009990A220B1D09930023019333000097BD
:1060D0000968F0E709990B1D099300230193102229
:1060E00033000097F4E709990B1D09930123F5E7A5
:1060F000099B19681A1D0992C9B289E7C062FF1F7E
:10610000C262FF1FC462FF1F7460FF1F70B581264B
:1061100076000C4C2378002B00D170BD0A4D0B4B40
:1061200028787043C15A0230C018FFF7A1FE2B78BF
:106130000133DBB2032B00D900232B702378013B02
:106140002370E6E7C062FF1FC162FF1FC462FF1F2A
:1061500010B5034C0B000122210000F06BFA10BDBA
:10616000116300110B8870B506000D000224162B78
:1061700011D92B000322094900F05CFA041E0AD150
:10618000074B2A881B88191C934200D9111C300028
:1061900089B200F0EDFA200070BDC0463D630011E9
:1061A000DE66FF1F10B54A780400013A0B0002209A
:1061B000012A07D80A78002A04D0052220000249C3
:1061C00000F038FA10BDC0466B6300110A7810B5B4
:1061D0000B0004000220002A04D0072220000249FC
:1061E00000F028FA10BDC046176400110A7810B5F7
:1061F0000B0004000220002A04D0092220000249DA
:1062000000F018FA10BDC0467D64001110B5034CB3
:106210000B000B22210000F00DFA10BDAD6400113F
:1062200010B5034C0B000D22210000F003FA10BD45
:106230001F65001110B5034C0B000F22210000F068
:10624000F9F910BD796500110A7810B50B0004004A
:106250000220002A04D011222000024900F0EAF9AD
:1062600010BDC04689650011002310B51322190026
:1062700000F0E0F910BD000010B5034C0B00172230
:10628000210000F0D7F910BDDB650011002310B527
:106290001922190000F0CEF910BD000010B5034C12
:1062A0000B001B22210000F0C5F910BD156600117E
:1062B000F7B584890D0006000121002C22D00023AF
:1062C0008268D3561778002B1EDA0C2C1AD90C3C96
:1062D000A4B2131940880093230002F090FE431EDD
:1062E000984101307B06DB0F6B703F23013C1F4060
:1062F000A4B22870AF70AC80002C07D0B368013313
:10630000AB6000210800FEBD0020EBE7AC60F8E7C1
:106310000B7803704B8843704B881B0A83700B7992
:10632000C370042070470420022B06D1002053784C
:1063300011781B02009A0B43138070470B8803707F
:106340000B881B0A43700220704704200099834287
:106350000AD1537810781B0203430B80D3789078CE
:106360001B02034300204B807047F8B50D004B78AB
:1063700001240021461C03702B788B4201D8200099
:10638000F8BD6B78B01C4F1C012B10D18900691827
:106390004B88022233704B88B9001B0A737069184E
:1063A00005F0BAFD04360434A4B2F9B2E4E71223CE
:1063B00059436B185A88043132705B8810221B0ACB
:1063C0007370691805F0A8FD12361234ECE770B549
:1063D000049D14001E00052B01D8042070BD6378B5
:1063E00012781B0213432B80E378A2781B0213431D
:1063F00002226B802A71211D681D063E05F08CFD6E
:10640000B2B22A81E92AE8D82800A11D0A3005F095
:1064100083FD0020E2E7002310B50A789A4201D8F4
:10642000900010BD9A008A18548801330470548873
:10643000DBB2240A4470948884709288120AC27075
:106440000430EAE710B51100029C062B04D00420AA
:106450001022142B01D010BD022222714B78087833
:106460001B0203432380CB7888781B02034363809D
:106470000431601D05F050FD0020ECE710B50C78EC
:106480008B7804315C43E4B203702200013005F0E4
:1064900043FD601C10BD0420022B06D10020537860
:1064A00011781B02009A0B431380704710B50C0043
:1064B0000A88023105F030FD208810BD70B5040057
:1064C0000D0004981100012B01D8042070BD16782E
:1064D00052781202324302800200F1325570147079
:1064E000E125002C00D10C35023B9AB24280AA4231
:1064F000EBD80231043005F00FFD0020E6E7042060
:10650000009983420AD1537810781B0203430B8011
:10651000D37890781B02034300204B80704710B55E
:106520000C000A88023105F0F7FC208810BD00003D
:1065300070B501211E000420049C0E400B4218D1AE
:10654000CB40DDB28D4214D90A49DBB209889942A9
:106550000FD32300EE331D70330058001118497813
:10656000165C0902314301332152D9B28D42F4D86D
:10657000002070BD0641FF1F10B50C000A880231D3
:1065800005F0CAFC208810BD10B50C788B7804315A
:106590005C43E4B203702200013005F0BDFC601CD6
:1065A00010BD10B511000298032B01D8042010BDB6
:1065B00014785278043B120222430280CA788C7805
:1065C0001202224342809AB28280EB2AEED8043132
:1065D000063005F0A1FC0020E9E710B50C000B889F
:1065E00003700B881B0A43704B8883704B881B0A0F
:1065F000C3708A880430063105F08EFCA088043010
:1066000080B210BD0420012B03D100201378009A22
:106610001370704710B50C000B8803700B881B0AB1
:1066200043704A880230043105F076FC60880230FD
:1066300080B210BDF0B589B003931D4B02924200A9
:106640000700D05A019102F022F81325061E2CD023
:10665000029B01240370019B002B04D000190399B5
:106660009847001984B26B461B7A5BB2002B0FDA95
:106670001021380002F01CFB1925002812D130002F
:106680003219E1B202F070FC051E0BD10C34A4B239
:10669000042305A938000B800C814E6001F0B2FD87
:1066A000051E02D0300005F04FFB280009B0F0BDF8
:1066B000DC66FF1F70B505000C0000280CD0002020
:1066C000814209D010222000044905F025FC012058
:1066D0002B7823736B78637370BDC04644C200117E
:1066E000F0B506000D0017001C0085B002291BD074
:1066F0000020102907D1022B07D0102B03D115E061
:106700000020102C08D005B0F0BD69463800FFF716
:10671000D1FF2A0069460BE069463000FFF7CAFF47
:1067200022006946380004E0022BE9D12A00390032
:10673000300005F039FAE6E7031CF02800D9F02311
:10674000032008499AB2013A0B80D3170340064947
:106750009B189B100B80D30F04499B185B100B8078
:106760007047C0460A41FF1F0841FF1F0641FF1F37
:10677000034B1B888B4202D3024B4000C15270472F
:106780000A41FF1FDC66FF1F014B4000185A70478B
:10679000DC66FF1F1722014B1A807047DC66FF1F63
:1067A00070B505000E2005F00FFB041E13D0D0239A
:1067B000037000230622837007494570033005F0FB
:1067C000ABFB064B2100DA8A62811B7E2373044BEC
:1067D000187805F099FB70BDF866FF1FE866FF1F8B
:1067E0005A41FF1F262803D8024B4000C05A704769
:1067F0000148FCE70C41FF1FFFFF000070B50600D9
:106800000C00094D1C220021280005F0F5F9074B6A
:106810001E70074B1C7005F0E7F80123002801D01B
:10682000002312202B7070BDE866FF1F5A41FF1F26
:106830000967FF1F70B505000D4C0800E260A160FC
:1068400010220021656005F097F8012803D110217E
:10685000A06802F061FD10220021280005F08CF8EC
:10686000012803D11021606802F056FD70BDC046BA
:10687000E866FF1F70B5041E05D1002903D006226B
:106880000D4805F049FB0D4B1D78012D11D1002C51
:1068900005D102221A7005F0F7F8280070BD002219
:1068A0001A70074B1B78FF2BF7D02000FFF778FFFB
:1068B000F3E70025F1E7C046F866FF1FE866FF1F13
:1068C0005A41FF1F030010B5002801D1002010BD60
:1068D00000780B4A002803D15988D1821B7913769E
:1068E0001378022BF2D10023984200D103331370A6
:1068F000044B1B78FF2B01D0FFF752FF0120E6E786
:10690000E866FF1F5A41FF1F002911D000280CD054
:106910004B79012803D140225242134303E03F2226
:106920001340032802D001204B7170474022F4E746
:106930000800FAE770B5094D0100287800280BD04F
:10694000074C0622200005F0E7FA21002878FFF71F
:10695000DBFF200005F080F870BDC0460867FF1F10
:10696000E266FF1F00290AD0012808D13F224B7997
:106970009343C02B03D0403B5A425341981C70476D
:1069800070B5174D06002B78FF2B15D00A2005F0A7
:106990001BFA041E10D0D0230370C83B8370114B28
:1069A00011491B784670C3700622043005F0B4FA12
:1069B0002100287805F0A8FA0C4B1B78012B0DD18B
:1069C0000B4B1B68002B03D09B68002B00D0984713
:1069D000084B04211878084A04F09EFF70BDC04699
:1069E0005A41FF1F0867FF1FE266FF1F0467FF1F72
:1069F0003067FF1F3467FF1F60EA0000014B986893
:106A00007047C046E866FF1F014BDB681868704797
:106A1000E866FF1F074B10B5DA681368013313608F
:106A2000054B1878FF2803D08021C90104F084FFAA
:106A300010BDC046E866FF1F5A41FF1FF7B50E00A4
:106A400002F0CAF8051E1CD00E4B06621F78002FFC
:106A500000D10778AB791020019305F0B5F9041E39
:106A60000FD0D0230380C73B8370019BE91DC37007
:106A70000622043005F050FA21003800E66005F0E7
:106A800043FAF7BD5841FF1F014B18787047C046C5
:106A90000867FF1F054B002805D1054B1A78054BE9
:106AA000002A00D1014B18007047C046F866FF1F4E
:106AB0000867FF1FE266FF1F014B58687047C0461A
:106AC000E866FF1F024B1868431E9841C0B270472A
:106AD0000C67FF1F421E03000120152A03D9FF3B4C
:106AE0005A425341D8B27047F0B51C0000230E0043
:106AF00085B0039002920B70029A934201D300205A
:106B000019E0E55C5A1CD2B2002DF8D00298511958
:106B10008142F4DC0233DFB2A35C18000193FFF77B
:106B2000D9FF002807D0013D019A0399EBB23370D9
:106B30008A4202D1E01905B0F0BDDB19DBB2DBE718
:106B400010B50C0002F0A0F803001220002B03D0B7
:106B50002100588805F010F910BD000070B50E4DE9
:106B600084006359002B15D0186A002801D005F065
:106B700073F82B59586A002801D005F06DF82B598D
:106B8000986A002801D005F067F8285905F064F8E4
:106B900000232B5170BDC0461867FF1F1C4B70B5FA
:106BA00004000E00150099420AD11A4B1B68002BF5
:106BB00001D1122070BD1B68002BFAD09847F9E76D
:106BC000154B994215D1134B1B68002B0AD01B683B
:106BD000002B07D09847002804D1104B1C70104B95
:106BE0001D70E7E729002000FFF7AAFF0028E1D188
:106BF000F3E7080001F0F0FF0028DAD00378032063
:106C0000A342D7D12900300005F0B6F8D2E7C0463C
:106C1000FEFF00001467FF1FFFFF00001167FF1F4A
:106C20001067FF1FF7B50400808801F0D5FF00252D
:106C3000A84203D00578A08802F00AF81C4E3378E9
:106C4000002B1FD0AB421DD11A4B28001978FFF73B
:106C500077FF002818D000233370A3790820A77885
:106C6000A688019305F0B0F8011E0DD0D023037063
:106C7000CA3B8370019B477086808371280005F0B2
:106C800043F901E0002DE8D1A0880B4B8200D358D6
:106C9000002B01D0FFF762FF1721A088FFF768FDE6
:106CA000A08801F02BFDA08801F002FEF7BDC046D0
:106CB0001167FF1F1067FF1F1867FF1FF0B587B030
:106CC0001D000CAB1B88070001930DAB1B88142023
:106CD00002930EAB1B88160003930FAB1B88009129
:106CE000049310AB1B88059305F06EF8041E1AD0B0
:106CF000D0230370CB3B47708370C67006222900F7
:106D00000430002D11D005F007F9019B21006381AB
:106D1000029B0098A381039BE381049B2382059B34
:106D2000A37405F0F1F807B0F0BD04F065FFECE7DF
:106D3000F7B5009308AB1B8807000C200D00160068
:106D4000019305F041F8041E13D0280001F044FF20
:106D500000280FD00078D0232370C93BA370009B7C
:106D600021002381019B6770A580E680638105F087
:106D7000CBF8F7BD014B1878EDE7C0465A41FF1F2D
:106D800013B5040064890389C2888188C07800949F
:106D9000FFF7CEFF13BD000010B5044C206800289B
:106DA00003D004F059FF0023236010BD1C67FF1FB0
:106DB000A122F0B5818892004A43384B384F1B68B6
:106DC00089B09B189D2292009B18827904001A605A
:106DD0003B68002B5FD01D78324B1B68002B04D022
:106DE0005B68002B01D00020984726000836310050
:106DF000E079FFF7B7FD237DE0710200E0780493AE
:106E0000638A29000393238A0293E3890193A38869
:106E100000933300FFF752FFE378002B0BD1E28998
:106E2000A379A18802920196E279280000920122BA
:106E300001F0DCFEE0703B68002B20D0FFF7ACFFD8
:106E4000194D287800281AD0184B1978FFF778FECA
:106E5000002814D02B780820A788E678079304F040
:106E6000B3FF011E09D0D0230370CA3B4670837064
:106E700087808671079805F047F800232B7017214B
:106E8000A088FFF775FCA08801F038FCA08801F00D
:106E90000FFD09B0F0BD064B9DE7C0463409FF1F4A
:106EA0001C67FF1F3067FF1F1167FF1F1067FF1F61
:106EB0005A41FF1FF8B5070008000E0001F08CFED4
:106EC000041E18D02620FFF78DFC051E00D1257862
:106ED000062004F079FF041E0DD00021062204F0E4
:106EE0008BFED0232370C23B21006770A370A68065
:106EF000E8B205F009F8F8BDF0B585B001930AAB2A
:106F00001B78070002930BAB1B7808000D00009262
:106F1000039301F061FE061E22D0102004F054FFFE
:106F2000041E1DD01022002104F066FE2620FFF76B
:106F300059FC002800D13078D0232370C13BA370C6
:106F4000009B21002372019B67706372029BA580E6
:106F5000A372039BC0B2E3720C9BE36004F0D4FF06
:106F600005B0F0BDF7B50D00019001F035FE071E2C
:106F70001FD00E2004F028FF041E1AD02620FFF791
:106F800031FC061E00D13E78D0232380C53BA37080
:106F9000F91D0622E01C04F0BFFF019B2100638164
:106FA00001232B40AD07ED0F23736573F0B204F09E
:106FB000ABFFF7BDF0B585B0029010000D001700D3
:106FC0000A9E039301F008FE041E31D0029B002BA1
:106FD0002ED1039B02795B0724D51223134304228D
:106FE000002E08D10B99002905D10C99002902D156
:106FF0000D9900291AD01A430D9B2271002B00D045
:10700000C9E0002E00D1CFE0002D00D0CCE0606AB6
:10701000002801D004F020FE1C21300004F054FFB1
:10702000606205E002239A430E33D7E7934323714E
:10703000654BBA00D458002C00D1AAE0002E10D025
:10704000236A002B03D11C2004F056FE20625E4B05
:10705000BA00D358186A002803D01C22310004F06B
:107060005BFF0C9B002B12D0574CBB001D596B6A69
:10707000002B03D1162004F03FFE6862BB00E358EA
:10708000586A002803D016220C9904F045FF0D9B86
:10709000002B11D04C4DBC006659B36A002B03D1B4
:1070A000142004F029FEB0622B59986A002803D0FE
:1070B00014220D9904F030FF380001F08DFD051EFB
:1070C00067D0414BBA00D358002B62D01A6A3420E3
:1070D000002A00D11C389A6A002A01D0143080B2EC
:1070E0000B9A002A01D01C3080B25B6A002B01D0C1
:1070F000163080B204F068FE041E4AD01822002127
:1071000004F07AFD2620FFF76DFB0190002801D1E5
:107110002B780193D0232370029B200063700A23F5
:10712000294EA370039BBD00A371AB59A780196AB8
:107130001830002905D01C22A06004F0EDFE2000CC
:1071400034307359996A002907D00300142214338C
:10715000E060029304F0E0FE02980B9B002B08D045
:1071600003001C221C330B992061029304F0D4FE0F
:1071700002987359596A002903D01622606104F0FD
:10718000CBFE6B462100187904F0BEFE3800FFF7F5
:10719000E5FC05B0F0BD10220D9B0D991B69A018F0
:1071A000236204F0B9FE2CE70B9B002B00D13FE7D4
:1071B000012D00D03CE7606A002801D004F04CFDAE
:1071C0001C210B982AE7C0461867FF1F10B5044C16
:1071D0002068002803D004F03FFD0023236010BD89
:1071E0000C67FF1F0B4B07B51A68002A01D100205E
:1071F0000EBD6946531C012012780731FFF774FC5D
:107200000028F4D002780123100018401A42EED072
:10721000EEE7C0462867FF1FF0B51F4F01203B680F
:1072200087B0002B25D09B78059300F0B3FB002896
:1072300021D00A20FFF7D6FA04000B20FFF7D2FA7C
:10724000164B05001E78731E9E413B68F6B2191D51
:10725000D878FFF759FB3B682900DA7A04330392A8
:107260009A7901930292009033002000059A04F06D
:10727000A3FB07B0F0BDFFF7B5FF002805D006203F
:10728000FFF7B0FA04000720D8E70820FFF7AAFAB2
:1072900004000920D2E7C0460C67FF1F0867FF1FE4
:1072A00070B50A4E040033780D00FF2B0DD004207A
:1072B00004F08AFD011E08D0D0230370CE3B457038
:1072C0008370C470307804F01FFE70BD6841FF1FEA
:1072D00070B5040006200D0004F076FD011E0AD0F2
:1072E000D0230370CD3B8370054B44701B688580B1
:1072F000187804F009FE002C01D0FFF767FF70BD7D
:107300000C67FF1FF8B5264F06003B680D001124DF
:10731000002B05D10522234B1B78134202D11224E6
:107320002000F8BD204A10241268002AF8D01278F4
:10733000002AF5D0DB0719D52B789A1E012A1AD816
:107340000C2004F0D9FC132438600028E8D0002376
:107350000A22437029000670023004F0DDFDFFF7B9
:107360005BFF041E0AD0FFF731FFD9E700F012FBE4
:107370000028E1D1E4E7002BE2D0D0E70B4B1B78EB
:10738000032BCDD11D20FFF72DFA094B18800028C3
:10739000C6D0084B04211878074A04F0BDFABFE7AD
:1073A0000C67FF1F0967FF1F2867FF1F0867FF1F84
:1073B0000667FF1F3467FF1F60EA0000F7B50193FF
:1073C000194B14001A78052306000F0012201A42E8
:1073D00021D0012920D1154B1D68002D1BD0022082
:1073E0001F2C18D8002C02D0019B002B13D0104B5F
:1073F0001F221E706E1C0021300004F0FDFB01995D
:107400002200300004F088FD310020002C70002F95
:1074100006D004F0A1FDFEBD064B12201D68DCE77E
:1074200004F062FCF7E7C0460967FF1F2867FF1FEB
:107430006841FF1F2467FF1FF8B50F4E1224336801
:10744000002B17D01B780F3C834213D100250B4F24
:107450000221387804F020FD094B042138781D8082
:1074600004F01AFD074B28001D8033685C7004F09F
:107470006BFA04002000F8BD0C67FF1F3467FF1F84
:107480002067FF1F0667FF1F70B5012823D11B4C23
:107490002388002B03D01A4A1578002D07D0194BEA
:1074A0001B68002B02D01878FFF7C6FF70BD3B2B7E
:1074B00002D93C3B2380F9E7134E0221307804F0D7
:1074C000EBFCFA222388920002215A43307804F020
:1074D00003FC2580EAE70B4B1B68002BE6D00B4B27
:1074E0001B785B07E2D5084B0221187804F0D4FC26
:1074F0000022024B1A80FFF769FED7E72067FF1FC3
:107500000467FF1F0C67FF1F3467FF1F0967FF1F1A
:10751000F8B51E4D2868002803D004F09DFB002319
:107520002B601B4E3068002803D004F095FB00232D
:107530003360184F05243B7818002040234221D0A7
:10754000154800F02BFA3B78234213D0202004F09A
:10755000D3FB2860002813D02022002104F04CFB2C
:10756000202004F0C9FB041E306005D02022002139
:1075700004F042FB002004E0286804F06DFB2C605E
:107580001320F8BD00F00AFAF4E7C0462867FF1F91
:107590002467FF1F0967FF1F5C41FF1F10B50A4CDE
:1075A00023681A1E0ED0002808D10130587004F04C
:1075B000CBF9002805D02368002B02D00021FFF76B
:1075C00087FE0122100010BD0C67FF1FF7B5274E84
:1075D000050033680191181E21D05C78244F012CDE
:1075E00030D1FFF7FFFD002825D02000FFF7FAF883
:1075F0000400412814D91F4B022118781E4A04F0B8
:107600008BF91E4B3C3C1C80022233685A703B783D
:10761000002B14D128000199FFF75AFE0120FEBD6E
:10762000FA2292004243002AEED0124B022118782F
:1076300004F052FBE8E7FFF7D5F80200F3E7002378
:107640003B70EBE73B78002BE8D1032004F0BCFB58
:10765000011E08D0D0230370CC3B45708370336883
:10766000187804F051FCFFF7B1FDD7E70C67FF1F56
:107670000467FF1F3467FF1F60EA00002067FF1FD9
:1076800010B51749838802008B4220D011D81549C4
:107690008B4217D0144900205B1899B2012907D8F2
:1076A000926811785A425341D8B2FFF7F9FD012090
:1076B00010BD0E4A00209B1807229BB29A424041FF
:1076C000C0B2F5E783681878FFF768FFF0E78368D2
:1076D00099785A78090218781143FFF777FFE7E79E
:1076E0000A20000006200000F8DFFFFFAFDFFFFFE9
:1076F000014B18707047C0466941FF1F10B5064C1A
:10770000207001F045FA207804F0E6F90521207890
:1077100000F068FD10BDC0463467FF1F0BB273B5A3
:107720000D00002B00DBC4E0884B187804F004FB4C
:10773000041E0ED00378912B0FD0A22B00D1A1E014
:10774000834B1878FF2852D0210004F0DDFB00287D
:107750004DD180200002684076BD43780F2B76D053
:1077600013D8052B70D00E2BEAD18088794B984224
:107770002BD8794B98421BD8784B9842E0D1A3681C
:107780001878591CFFF776F838E03E2BD8D183786B
:10779000032B74D06CD8012B6ED0022BD0D1704B40
:1077A0001B68002B23D05B68002B20D098471EE07D
:1077B0006C4BC0180C28C3D804F0DEF91DC2C215EA
:1077C0000BC20B0B0B3223C23C00674BC0180728BF
:1077D000B6D8664B1B68002B09D01B68002B06D05F
:1077E000200098470AE0A3681878FFF7C9F820003E
:1077F00004F092F9ADE7A068FFF764F800289FD085
:10780000F5E7A3681B78002BF1D0554B1B68002BC4
:10781000EDD01B68002BEAD0210055489847EDE7D2
:107820004F4B1B68002BE2D01B68002BDFD02100E0
:107830005048F3E7504B1B68002BD8D05B68002BF7
:10784000D5D021004348E9E7FFF7ECF9CFE780887E
:107850004A4B984203D04A4B984200D070E7464BBF
:107860001B68002BC3D05B68002BC0D02100D5E77C
:10787000153B012BBBD963E7FFF79AFAB7E7FFF790
:107880007FFAB4E73F4B1B78042B07D100236A46ED
:1078900013800179408800F0CBFCA8E7364B1B68C9
:1078A000002BA4D05B68002BA1D00100364898477C
:1078B0009DE7012421420AD0294B1B68002B04D0EC
:1078C0005B68002B01D000209847012043E78B071D
:1078D0000AD5264B1B68002B04D05B68002B01D017
:1078E00020009847022036E70421280008400D4276
:1078F00000D131E7254E3388002B21D0013B9BB2CC
:107900003380002B1AD1FFF7DDF800280AD0204B76
:107910001C70164B1B68002B04D05B68002B01D039
:1079200020009847FFF7C8F8694601F00CFD68464B
:10793000FFF700F81D20FEF755FF308004200AE70E
:10794000024B187804F0A8FAF8E7C0463467FF1F26
:107950006941FF1F0E2000000120000009100000F7
:107960002C67FF1FFEDFFFFFAFDFFFFF3067FF1F4A
:107970000C2000000B2000001467FF1F0D200000EA
:10798000132000000967FF1FFFFF00000667FF1FAD
:107990000467FF1F10B501F09FF910BD014B18607F
:1079A0007047C0463067FF1F0B880020162B01D898
:1079B00017230420014A13807047C046DE66FF1F6C
:1079C00000207047074A03001188814207D0918840
:1079D0000020994202D10130800010187047002029
:1079E000FAE7C0463C67FF1FF0B58F7806000D0030
:1079F000C5B01E2F15D1FFF7E5FF051E03D10024EA
:107A0000200045B0F0BD00223B003100C07800925C
:107A100000F0B8FB0400A81C00F0D8FBFF23EB70BB
:107A2000EEE7264B062403931B78FF2BE8D0182F94
:107A3000E6D87B08224A013BDB0002929A58944622
:107A4000002ADDD0029AD3185B68002BD8D00878C2
:107A5000002802D14B78012B02D10624122FCFD15E
:107A600007AFAB88697800976446AA68A047041EF0
:107A7000C6D1AB78029A5B08013BDB00D318390012
:107A800030005B689847041E0BD1AB78042BB6D04E
:107A9000039A310010782200009700F073FB040075
:107AA000AEE76A78002AABD1AA7805A93B880871AD
:107AB00030000A704B80FEF74BFBA0E76C41FF1FC4
:107AC00054C200111D4B37B5050098420BD0002958
:107AD0000AD1FFF777FF002805D11948FFF772FF99
:107AE000002800D0058037BD01291AD1FFF76AFFB1
:107AF000041EF8D001235B420380A378FF2BF2D051
:107B0000FE2B07D00023E0781422009329001E33B7
:107B100000F038FBA01C00F059FB01235B4263809E
:107B2000E1E70229DFD1013901F0C2F80028DAD1FA
:107B30002800FFF747FF041EDFD1D4E7FEFF000057
:107B4000FFFF0000022210B5074B52421A8007487F
:107B500001325A809A80DA8000F084FA044801F0F9
:107B600029F8002010BDC0463C67FF1FE9790011CD
:107B7000C57A00110388F7B50400002B02D1022555
:107B80002800FEBD42680221137825485268FEF79E
:107B9000A7FD00282ED0234F01253A88002AEFD0D8
:107BA000802321885B0201259B1A9942E8DC0C2086
:107BB00004F0A2F8061E31D03B8822889C460023A0
:107BC0001800019561469DB2491989B2AA421BD895
:107BD000002801D062443A8000233000082208C007
:107BE000210004F099F9104A1368002B13D10025E5
:107BF0001660C5E76268022113780C485268FEF7E8
:107C00006FFD0028C7D1BAE760681D0140194181A6
:107C100001330198D6E71A001B68E6E71325AFE7A2
:107C2000C2C200116A41FF1F3867FF1FC0C20011A6
:107C3000014B18707047C0466C41FF1F14230A00A7
:107C400010B51A40194204D00122102101F04CF85D
:107C500010BD4B06F9D4C843022340001840F7E793
:107C600010B514008B0604D50122102101F03CF858
:107C700010BD08230A001A40194202D14BB2002B52
:107C80000FDA102101F030F8002808D02300F23379
:107C90001B78002BECD0F1342378012BE8D10020A5
:107CA000E6E703208907FAD4E2E70000F0B51F00F9
:107CB000184B85B01C68019002910392002C27D1CB
:107CC000200005B0F0BDA5683301ED186B89019A5D
:107CD000934211D3029A93420ED8002F04D10A9BEB
:107CE000002B10D12C00EBE73B002978039A686841
:107CF000FEF7F6FC0028F2D10136B6B2A388B342F3
:107D0000E1D82468DAE7A3680A9A5B891380E9E777
:107D10000026F3E73867FF1F37B50C000A8849884B
:107D20000123914217D3002A15D0651D23792A001B
:107D300002210A48FEF7D4FC102300280BD0237937
:107D40006188208800242A000094FFF7AFFF0A23EF
:107D5000A04200D0230018003EBDC046C2C20011A0
:107D600013B50A0008884988012388420BD80028E7
:107D700009D00024137905320094FFF797FF0A23F6
:107D8000A04200D02300180016BD13B50A000888D1
:107D90004988012388420BD8002809D00024137990
:107DA00005320094FFF782FF0A23A04200D023008F
:107DB000180016BDF0B58BB003904A8808880E00F5
:107DC0000123824213D3002811D00023012704ACE1
:107DD00023700022718813000092FFF767FF0500EF
:107DE0002078002D06D122780A23002A41D11800DC
:107DF0000BB0F0BD002835D12B78022B18D167705D
:107E00006A8983000130E31880005A806968022281
:107E1000201804F081F823780133DBB22370042B9F
:107E200019D93B006889013080B2002BD1D0DAE744
:107E300002236370122358436A89231804305A803E
:107E400069681022201804F067F823780133DBB248
:107E50002370002BE5D10A4A6B899B185A42534183
:107E6000DBB2DFE76378012BE4D12B78022BC7D09C
:107E7000B9E721000398FEF795F90023B7E7C0465C
:107E80000100FFFF0F4BF0B504001868002816D062
:107E900083685D89A54207D88288AE18B44203DAA8
:107EA00012019A18934201D10068EFE71E005F8922
:107EB0001036A74204D1002900D00D801800F0BD73
:107EC0003300EFE73867FF1F70B505000C00088826
:107ED0000021FFF7D7FF03000120002B04D0220070
:107EE0002800197AFFF7BCFE70BDF7B50C0000251D
:107EF00001902300EE331B78AB4201D800200AE04A
:107F00006B00E65A00213000E718FFF7BBFF00289E
:107F100002D126800130FEBD017A0198FFF78EFE66
:107F2000002802D03B882380F5E70135EDB2E0E779
:107F300010B5040008880021FFF7A4FF030001200A
:107F4000002B03D02000197AFFF778FE10BD000047
:107F5000054B1B68002B01D1180004E09A68528978
:107F60008242F6D1988870473867FF1FF0B50E2718
:107F7000002687B0039302ABFF183E8005001F4B1D
:107F800040891400984207D02B78013000976A6826
:107F900080B2FFF78BFE060002212B7818486A6832
:107FA000FEF79EFB00280FD06C892000FFF7D0FF62
:107FB000002802D0013C0419A4B2039B002B00D07E
:107FC0001C80300007B0F0BD02212B780D486A6894
:107FD000FEF786FB0028E7D102212B780A486A6861
:107FE000FEF77EFB002807D0002EDED03B88A342A0
:107FF000DBD17489013CDFE76C89DEE7FFFF00001D
:10800000C2C20011C0C20011BEC2001110B50C00E6
:10801000FFF7D8FC03000220002B0AD0002C00D070
:1080200023609B781720FE2B03D00138FF2B00D153
:10803000002010BD73B50D0001A904001600FFF764
:10804000E5FF172805D0002E04D129002000FEF7F7
:1080500025F976BD01221021200000F045FE002800
:10806000F3D0F6E7014B18607047C0464867FF1F22
:1080700037B56B469D1D010004000222280003F065
:10808000FBFD2B88B02B0ED12379122B09D12300B5
:10809000FA331B78012B06D10121608800F0E0F84B
:1080A00001E01B2BF8D037BD10B5054B042118702B
:1080B00000F098F8FFF746FDFEF76CFB10BDC046D8
:1080C0004C67FF1F0020F0B50BB20F0087B0834252
:1080D00034DA274B187803F02FFE051E2BD00378D7
:1080E000A02B25D103AE3100FEF7E2F8041E0BD120
:1080F000B378DB0724D51F4B06341B68002B03D055
:108100003100688898470400A868002801D003F06F
:108110001BFE002C08D1184A039B1340174A9342B8
:1081200006D0B3781B2B03D00121688800F098F8A3
:10813000280003F0F1FC80200002784007B0F0BD79
:108140000F4B1B68002B10D0310068889847041E25
:10815000DAD07378002BD7D1B27801A90A704B809E
:108160000C716888FDF7F4FFCEE70624F1E7C046FE
:108170004C67FF1F4467FF1F00FFFF000001120054
:108180004867FF1FF7B50190FC200D0017001E0087
:1081900003F01AFE04001320002C12D0B02320009C
:1081A0002370089BF4226770658026710830002BCD
:1081B00008D0190003F0B0FE2100019803F0A4FEDE
:1081C0000020FEBD089903F017FDF5E710B5041E69
:1081D00006D00078FD2803D803F0DEFBFF232370D0
:1081E00010BD00000A1F93B210B504000220032B3B
:1081F00005D882400020024BD1529B189C7010BDC4
:108200006C67FF1F0B8870B5043B04000D00022053
:10821000032B0BD80121200000F04AFD030014209D
:10822000002B03D02900200000F0DEFB70BD000011
:1082300007B51300034A00920A00012100F02CFC4C
:108240000EBDC0466D84001107B501920322009255
:10825000024B0A00122100F047FC0EBDEB84001116
:1082600007B56B4601AA11800449D8800878063307
:10827000012802D1190003F0C7FD07BD4D67FF1F9C
:108280000C4B10B518700023FF210B4A138013818B
:1082900093819380094A5380137051729381937232
:1082A000D174D3821375517703F0A6FB00F0FCF96B
:1082B00010BDC0467C67FF1F6C67FF1F4E67FF1F26
:1082C000F0B58DB06B46002003910C229B5E83427B
:1082D00000DBB1E05D4B187803F02EFD051E00D1E8
:1082E000A5E00378902B00D09EE006AF0100468801
:1082F000380000F013FA79680400002900D19DE0ED
:108300003B88052B6FD13B89032B1CD905AC200082
:1083100000F0A2F86288172A60D83989131D9942A3
:1083200031D17968237804310291D90738D5607842
:1083300000F08EF9071E06D0002303712378012B6D
:1083400008D0132B23D0A868002800D179E003F0CF
:10835000FBFC76E06288029909A800F0A6F802907A
:10836000380000F08BF909AA2378387A01920022AC
:1083700031000092029A00F012F9380000F064F91E
:10838000029B002BDFD0300000F080F9DBE70378A0
:10839000032BD8D16288029909A800F0D6F8DEE74D
:1083A00009AF122B12D13800029900F0B4F8021E66
:1083B000E9D127498B88002BC5D08879237801978C
:1083C00061780091310000F0EAF8BCE700233A0040
:1083D0003B8061783000FFF72BFFB4E71D4B09AA03
:1083E00009936178F6E7042B02D09A1F012AAAD8D4
:1083F000174A043B9B00995A0029A4D0D2189078C0
:1084000031003A0000F0ADF800289CD13B88042BE5
:1084100003D001213000FFF723FF012C04D1A8680D
:10842000002801D003F090FC280003F075FB8020A9
:10843000039B0002434018000DB0F0BD012800D19D
:1084400081E701213000FFF70BFFEDE77C67FF1F9D
:108450006C67FF1F010017000B7803704B784370A7
:10846000CB788A781B021343438070470A88030045
:1084700002700A88120A42700A88012A06D14A88C4
:1084800082704A88120AC270042070470220824219
:10849000FBD14A8804309A704A88120ADA708A88B6
:1084A0001A718A88120A5A71EFE710B50400012088
:1084B00082420CD94B780A781B02134323808342F3
:1084C00006D1CB788A781B0213436380002010BD4D
:1084D000022BFBD1CB788A781B02134363804B7944
:1084E0000A791B021343A380F0E70B8803700B8803
:1084F0001B0A43704B8883704B881B0AC3708B88A0
:1085000003718B881B0A4371CB888371CB881B0A4C
:10851000C3710820704703000120082A14D14A784B
:108520000878120202431A80CA788878120202433D
:108530005A804A790879120202439A80CA79887966
:10854000120202430020DA80704710B504000120B7
:10855000022A05D100204B780A781B02134323809E
:1085600010BDF8B5060010200F00150003F02CFC1C
:1085700004000120002C0ED0A0230C22290023800F
:108580006780201D002D07D003F0C6FC21003000BD
:1085900003F0BAFC0020F8BD03F02EFBF6E7F7B5B8
:1085A0001E00009008AB142017001D78019103F005
:1085B0000BFC041E12D0A2230370019B4770438062
:1085C000099B057146710C220830002B07D0190059
:1085D00003F0A2FC2100009803F096FCF7BD099976
:1085E00003F00AFBF6E737B5041E0FD04388002BD3
:1085F0000CD00025C1881323007A1722019500951D
:10860000FFF7CDFFFF2365806372257037BD000043
:1086100010B50C4904004A88002A09D08B89002B28
:1086200005D00020CB8A0222834201D010BD012256
:1086300013000A20434300204032C854C818428027
:108640000472F3E74E67FF1F0023438003707047F7
:10865000094B00211A0010B55C88002C06D01C794B
:10866000844203D10A234B43D01810BD01310A3391
:108670000329F1D10020F8E74E67FF1F10B5040071
:10868000407A03F089F9FF23637210BD704704300C
:1086900010B580B203F0C0FB002803D0042149428A
:1086A00003F03AFB10BD000070B50025104CA06827
:1086B0002580A581A580A84202D003F045FBA560D6
:1086C00000250C4C0C4B606D1D80230058331D7031
:1086D000A84202D003F038FB6565002560680028D9
:1086E00001D003F031FB013508340A2DF6D170BDFD
:1086F0001468FF1FB867FF1F0868FF1F70B5041ECE
:1087000009D1054D2880A881A880A868002802D03A
:1087100003F01AFBAC6070BD1468FF1FF0B54B8806
:1087200085B00193002343600A7905000F00022AF7
:1087300000D07BE0CA88032A17D98B685E78197845
:108740003602DC78D8790E4399781B7A24021B0212
:108750000C43034353495BBA0B80331D93421ED134
:10876000042C04D0631F022B0ED9012015E0019ABE
:108770004D4B1201D35A002B06D00198FFF7BEFFD4
:108780004A4A1369013313610421B8682E812C8091
:10879000494203F0C1FA6860002005B0F0BD434DC6
:1087A000042C06D0631F022B0FD9EB680133EB605A
:1087B000DBE7019A3C4B1201D35A002B05D00198FC
:1087C000FFF79CFF2B6901332B61374B300002937D
:1087D000019B029A1B010193002301998C468B5245
:1087E000130063449C8003939E81FFF750FF039B1B
:1087F000041E986016D00421B868494203F08CFA30
:10880000FA880100043A200003F086FB0199029ADD
:10881000FB888A5A043B9B18029A8B522B680133BF
:108820002B60A2E7AB690133AB619EE71E4B02935D
:10883000019B1E01029BF35A002B2DD002998C192B
:10884000A068002828D0012A26D1FA889B189BB25C
:108850007352A189994217D39B1AC018B96803F0C3
:108860005BFB029BA289F35A934200D07DE7002272
:108870002B81A3882B80A3686B60029BF2520B4A6A
:1088800053680133536070E7084A9368013393607B
:108890000198FFF733FF68E7044A536901335361D6
:1088A000F6E7C0467E67FF1F1468FF1F8467FF1F3F
:1088B00070B5051E15D10B4C0B4B18802300583397
:1088C0001870606D002802D003F03EFA656525003F
:1088D00050356068002801D003F036FA0834AC4205
:1088E000F7D170BDB867FF1F0868FF1FF0B517000C
:1088F000A12285B0920001934243394B06001B68C8
:108900000C009B18D933FF331D78FDF73DFF043071
:10891000854204DD3000FDF737FF0430C5B2BD42AB
:1089200007D33A0000213000019B03F08DFA05B017
:10893000F0BD2900380003F017F82300C6B2503309
:108940001E700393019B29006365380003F0ACF9A6
:10895000CBB20293002B02D0039B01361E7000267F
:108960002300503303931B78B34204D8606D002872
:1089700031D10020DBE7029A2800002A04D0013B15
:108980001000B34200D02800F700E719387003F058
:1089900053F8786000280ED03A78019903F0BCFAB9
:1089A000019A3B780136D3180E4A0193D369F6B287
:1089B0000133D361D4E7039B18706065A74205D1EA
:1089C000084A1320D36A0133D362B0E7606803F02A
:1089D000BBF90834F2E703F0B7F900236365C8E791
:1089E0003409FF1F8467FF1FF7B50D00070004213E
:1089F000686803F091F92B89040003702B891B0A26
:108A000043702B8883702B881B0AC3702E89022524
:108A10000436F6B2F42E15D81B4B9F4214D10C200D
:108A200003F0D2F91135011E0CD0902303708E3B58
:108A30000371043B4380154B8460C680187803F0B3
:108A400063FA00252800FEBD5C237B43104AD3183F
:108A50000093583301931B78002B0FD10300320091
:108A600038000099FFF742FF019B05001B78002B9F
:108A7000E8D13800009903F05FFAE3E7054A0725DB
:108A8000536A01335362DDE7FEFF00007C67FF1F7E
:108A9000B867FF1F8467FF1FF0B587B000901720ED
:108AA0000F0016000193FFF7F2FD1325041E18D0E6
:108AB0000C98031E02D00199201D9847030AE37009
:108AC000052303A9A0700430088127700098667000
:108AD0000B804C60FFF788FF051E02D0200003F0DA
:108AE00033F9280007B0F0BDF0B587B01F000CAB1C
:108AF0001B780391059301210DAB06001C780492AD
:108B000000F0D6F81425002821D02000FFF780FDC2
:108B10000135041E1BD01149059B0A7803700132F0
:108B2000D2B2131EC68001D101231A000B7022712C
:108B30003000049B03990097FFF7AEFF051E09D193
:108B4000230021000648074A093303F0D5F928001D
:108B500007B0F0BD002363802370F8E78067FF1F34
:108B6000E785001130750000F8B505000E00064CD1
:108B7000064F2368002B02D03100280098470434A8
:108B8000BC42F6D1F8BDC0462468FF1F3868FF1FFD
:108B90000123064A5B425380002313715362044A47
:108BA000136053609360D360136170473868FF1F90
:108BB0002468FF1F0200002310B506499C000859D5
:108BC000002801D1625010BD0133052BF6D11320CE
:108BD000F9E7C0462468FF1F034A5388181A434226
:108BE00058414042104070473868FF1FF0B585B0CB
:108BF00002930AAB1F780CAB1B88009008000E0094
:108C000001920393FFF7E8FF05001120002D1BD10F
:108C10000E48FFF7E1FF04001520002C14D00622B7
:108C20000B99A771E01D03F077F9019B30002371C8
:108C3000029B29006371009B66802370039B656221
:108C4000E381FFF791FF280005B0F0BDFFFF0000B2
:108C500010B5FFF7C1FF04000220002C12D060887D
:108C60000121FFF781FF606A002801D002F0F4FFC4
:108C700028220021200002F0BFFF012300205B42D8
:108C80006380207110BD000030B5074A074C55883D
:108C9000010013780020A54204D05B1A59424B41D1
:108CA0005842104030BDC0463868FF1FFFFF00002B
:108CB000084A10B501230C00904208D0FFF78CFF42
:108CC000031E04D0037923405A1E9341DBB21800DF
:108CD00010BDC046FEFF0000024B1879431E9841AC
:108CE000C0B270473868FF1F70B504000D00160051
:108CF000FFF772FF002804D10F4B9C4200D01430C4
:108D000070BD10230279416A134000290AD1052061
:108D1000002BF5D0897E0C20A94289414942494265
:108D20000840EDE70F20002BEAD09207F2D40A3872
:108D3000002EEFD0E4E7C046FEFF0000030010B5B0
:108D4000002800D110BD0348034A41889142F9D060
:108D50009847F7E73868FF1FFFFF0000002330B592
:108D6000C45CCD5C6C40D4540133102BF8D130BDC1
:108D70000F23002210B5C45C64002243CA54C25CB5
:108D8000D209013BF7D210BD0200010010B520321C
:108D9000103102F069FF10BDF0B58DB005901020C4
:108DA00007931700069102F0A7FF0190102002F030
:108DB000A3FF019B13240290002B05D000280CD1A7
:108DC0001324019802F048FF029B002B02D01800E8
:108DD00002F042FF20000DB0F0BD102002F08CFF29
:108DE0000600102002F088FF13240500002E00D199
:108DF000B3E0002819D01022002102F0FDFE32005D
:108E00002900059802F030FF041E0ED133787F2B25
:108E100056D830000199FFF7ABFF019B1B787F2BE1
:108E200058D802990198FFF7A3FF300002F014FF11
:108E3000002D02D0280002F00FFF002CC1D110201D
:108E400002F05AFF0600102002F056FF0390002E99
:108E500000D180E000287CD03A0001210F322300AD
:108E60001211049106D013B204930F233B405A42CF
:108E700053411BB2049A013A1201002B34D0069BD5
:108E8000D2B298180199039AFFF768FF10220021C7
:108E9000300002F0B1FE049D069F013DADB22D01F0
:108EA0007D19AF4242D0002C33D0300002F0D4FE06
:108EB000039B002B00D184E7180002F0CDFE80E771
:108EC00029003000FFF754FF28002649019AFFF7D8
:108ED00045FFA2E729000198FFF74AFF2800214932
:108EE000029AFFF73BFFA0E70F2506993D408A183D
:108EF00008A8D9B28D4207D9D15C19540133102B7F
:108F0000F7D1039A0299BFE7691A4F427941C90123
:108F1000F3E73900300008AAFFF720FF3200059878
:108F200008A902F0A1FE10370400BAE7002CBCD15A
:108F30003000039908AAFFF711FF320008A905982D
:108F400002F092FE082204003100079802F0E4FFCC
:108F5000ABE71324A9E71324AAE7002800D069E7A8
:108F60002EE7C046C8C20011F0B58BB00F00160046
:108F70000225009000283FD0002A3DD00B1DDBB217
:108F80001800029302F0B8FE1135041E34D0FDF72C
:108F90003BFD05003A000099201D02F045FFEBB2B1
:108FA0000393E3702B0CDBB22F0A00936370FFB2C4
:108FB0002B0E2370A7700193FDF720FD10220100F6
:108FC00006A802F031FF2100029A04AB06A8FFF7C1
:108FD000E3FE051E0DD1039B08223370009B04A9FC
:108FE000B370019B7770F370301D02F01DFFFDF729
:108FF00011FD200002F030FE28000BB0F0BDF0B5EE
:109000008FB00D00149E039004920593002A03D1A3
:10901000022420000FB0F0BD002EF9D00398FFF716
:10902000DBFD1424071EF4D07278337812021A4341
:10903000B3781B041343F27812061A43036A0192B1
:10904000934201D30133E3D1002D03D03B790124B6
:109050009B07DED50822002106A802F0CDFD059B66
:1090600013240433DBB21800029302F045FE051E00
:10907000CFD0059A0499043002F0D6FE04223100C4
:10908000280002F0D1FE3900102210310AA802F0A7
:10909000CBFE2900029A06AB0AA8FFF77DFE041E4C
:1090A0000FD1082206A908A802F0BEFE0822311D31
:1090B00008A802F079FD012807D101990398FDF76E
:1090C000BDFC280002F0C8FDA3E70124F9E7000079
:1090D00070B51C4C05002368181E10D0002D14D14B
:1090E0001A78002A0CD1981C083202F015FF02F001
:1090F000DBFE0135002808D123681D70012070BDFA
:109100000A331800082202F007FF2368002BF5D06D
:10911000122002F059FE061E0DD0C12321680370F3
:10912000457002311022023002F0F6FE2368310051
:10913000587802F0E9FE206802F08EFD00232360DB
:10914000DCE7C0466068FF1FF8B504002020FDF78B
:1091500049FB0D4EA700BB590500002B0DD0002880
:109160000BD0D878FF2809D108492A000C55F359AB
:1091700007480333611802F0BFFEF8BD290002F072
:1091800003FC0028F0D1F8E77C68FF1F6468FF1F2C
:1091900099A3001170B5064D84006359002B05D0CA
:1091A000D87802F0F9FBFF226359DA7070BDC0462F
:1091B0007C68FF1F70B506008CB00C001500002104
:1091C0003022684602F018FD31001022684602F095
:1091D0002BFE1D2021000322684402F025FE684674
:1091E000FFF7D2FD2D21040003222800694402F07C
:1091F0001BFE20000CB070BDF0B50400170097B046
:1092000001931CAB1D7830221EAB00910AA80021EF
:109210001E7802F0F1FC2100102202AC0AA802F034
:1092200003FE10220021200002F0E6FC0722390094
:10923000200002F0F9FD07220199A01802F0F4FDC8
:1092400033005A1E9341A3732B005A1E93410021F1
:10925000102206A8E37302F0CFFC06221D9907A88E
:1092600002F0E2FD1A2006221F99001902F0DCFD2F
:10927000102200990EA802F0D7FD10230EAA117833
:109280002078013B4140DBB2117001340132002BE8
:10929000F5D10AA8FFF778FD102212A904000EA844
:1092A00002F03AFE102206AB0EA908781D78013AAA
:1092B0006840D2B2087001330131002AF5D10AA802
:1092C000FFF762FD044310222098E4B212A902F0D5
:1092D000ABFD200017B0F0BD70B50E0014008CB0CF
:1092E0000100102268461D0002F09EFD3100082298
:1092F00004A802F099FD2100082206A802F094FDBE
:109300006846FFF741FD04001022280008A902F07A
:109310008BFD20000CB070BDF8B506000D000024D8
:109320003719AC4200D3F8BD02F036FC030A3B709B
:10933000631CDBB201379D4203D90234F054E4B21E
:10934000EEE71C00EDE7F7B507000C00022500284A
:1093500018D0002916D001AE03213000FFF7DCFF42
:109360003F23B27831001A40013313433800220002
:10937000B370FFF71FFF051E04D103223100E01C6C
:1093800002F0CAFD2800FEBD03785807DA08C00FB6
:10939000D20080009B0710439B0F1843C0B2704758
:1093A00007230B40C908C9000B4303707047000036
:1093B00070B50400FFF7EEFE134DA4006359002BB7
:1093C00021D0186A002801D002F046FC2B59986E73
:1093D000002801D002F040FC2B59D86E002801D0A3
:1093E00002F03AFC2B59186F002801D002F034FC2F
:1093F0002B59586F002801D002F02EFC285902F09A
:109400002BFC00232B5170BD7C68FF1F0E4B80008E
:10941000C35870B50C00002B0FD09D68002D0CD0E8
:109420002B78201D0B706B784B70A97CFFF7B8FF71
:109430002B7E23726B69E36070BD10220021200037
:1094400002F0DAFBF8E7C0467C68FF1F014B1860AA
:109450007047C0467868FF1F074A030080008258A3
:1094600010B5002A06D0D088984203D1012901D135
:10947000FFF79EFF10BDC0467C68FF1FF0B5254E6C
:1094800095B087000B93BB590500099112200A92F1
:10949000002B2FD0D888FFF79FFB04001420002C4E
:1094A00028D0280010A9FFF7B1FFBB591E781F6A0A
:1094B000002E21D0FDF7E8FA07900020FDF7EAFA28
:1094C0000890A5793800E61D10AF0CA900F0E2FA6B
:1094D0000EA9380000F0D7FA0B9B0A990493089B59
:1094E00009980193079B0396009302950EAB0CAA73
:1094F000FFF782FE15B0F0BDFDF7C6FA050030009B
:10950000FDF7C8FAA37906000793E31D089310A896
:10951000DBE7C0467C68FF1F30B50D4C85002A593B
:10952000030085B00120002A0DD018006946FFF71E
:109530006DFF2B59D8881B78002B06D0054B6A4647
:10954000072100F0DAFB05B030BD034BF7E7C0465A
:109550007C68FF1F879A0011959A001130B5094C5D
:109560008500295985B010226846253102F0D4FCC7
:109570002A591121044BD0886A4600F0BEFB05B081
:1095800030BDC0467C68FF1F319B001130B5094CCF
:109590008500295985B010226846353102F0BCFC9F
:1095A0002A591121044BD0886A4600F0A6FB05B069
:1095B00030BDC0467C68FF1F6F9B0011F8B54D4F52
:1095C00086001020F4590D0002F096FBF35920623A
:1095D000186A132200286DD02900033A9C6802F013
:1095E0009BFCF359197800295AD1227D186A9446B8
:1095F0006646027B0F0072400126324201D1674667
:109600003740227DB2433A432275077BD6B27A4077
:109610000027920701D4B607F70F0226227D7F00AC
:10962000B2433A432275067BD7B272400026B44655
:10963000520702D47F07FA0F944662460426970029
:10964000227DB2433A432275627D002794466646E6
:10965000427B72400126324201D1674637400126E3
:10966000627DB2433A436275477BD6B27A400027A7
:10967000920701D4B607F70F0226627D7F00B2433E
:109680003A436275407BD6B242400020520701D473
:109690007607F00F0426627D8000B24302436275B4
:1096A0006A78002A08D06278002A05D0052205339E
:1096B000DA7700221000F8BD04222879104205D183
:1096C000A07C104202D10533033AF1E720782C78D0
:1096D000002902D102002000140018220428E9D831
:1096E000042CE7D805216143034A05335218125C64
:1096F000DEE7C0467C68FF1FD8C2001110B50A0023
:109700001121024B00F0F9FA10BDC046CB9B0011AD
:109710000B0030B587B001AD2B806B460400110003
:10972000981D082202F0F8FB2A000B212000024BB2
:1097300000F0E3FA07B030BDF39B001110B50A004A
:109740001121024B00F0D9FA10BDC046479C001110
:1097500037B56D460B0004001100681C06222B7003
:1097600002F0DAFB6A4608212000024B00F0C5FA3D
:1097700037BDC046679C001110B50A001121024B8D
:1097800000F0BBFA10BDC046B79C00117FB50500C4
:109790000B4BAA00D4580800002C0FD0666F237F13
:1097A000E28821780396266F0296E66E0196A46EF3
:1097B0000094FDF7FFFB2800FFF7FAFD7FBDC046D0
:1097C0007C68FF1F10B51721FFF7E0FF10BD0000F8
:1097D00070B50A000D00064B0221040000F08DFA5E
:1097E000060029782000FFF7D1FF300070BDC04689
:1097F000979B0011F0B587B000236C4623708368F7
:1098000005001E78701E0A2857D801A902F03CFBFB
:1098100006063135393D4145494D5100180000F0EB
:1098200040F90623122849D000281AD16888FFF78A
:10983000D3F90823002813D04279002A44D1254BBC
:109840001A78072312070BD5234B1A680723002A1F
:1098500006D01768002F03D0310001AAB8470300D3
:1098600023702378002B2AD16888FFF76DFC07B09E
:10987000F0BD180000F06CF9D6E7180000F087F989
:10988000D2E7180000F093F9CEE7180000F0ADF928
:10989000CAE7180000F0C3F9C6E7180000F0F6F9AF
:1098A000C2E7180000F0F6F9BEE7180000F013FA5E
:1098B000BAE7180000F013FAB6E707232370210077
:1098C0006888FFF785FFD2E70523012AC8D1034B3B
:1098D000BBE7C0460967FF1F7468FF1F7868FF1F5A
:1098E000F8B52C4F8600F35904000D00002B40D032
:1098F000DA8882423DD15A78062A33D11A78002A72
:109900002ED0012099681A6A097D014206D0157B84
:10991000054203D007225A700120F8BD02200142FF
:1099200004D0157B054201D00922F4E7042001424E
:1099300004D0127B024201D00B22ECE7164B1B68CD
:10994000002BE9D05B68002BE6D020009847BB597C
:1099500000215B78122BDFD12000FFF717FFDBE738
:109960000E4BECE7112A04D1002900D03225290042
:10997000F2E7002D08D12000FFF72EF9002803D0D0
:10998000102302791343037121002800FDF792FA96
:10999000C2E7C0467C68FF1F7468FF1F7868FF1F1E
:1099A00070B50E4E8500AB590400002B13D01B7808
:1099B000002B11D10A4B1B68002B04D05B68002BD5
:1099C00001D02000984773595B78122B03D10021F6
:1099D0002000FFF7DBFE70BD024BECE77C68FF1F49
:1099E0007868FF1F7468FF1F094B8000C358102060
:1099F000002B0CD01A6A002A09D09B68002B06D0D5
:109A0000127A1B7E101C9A4200D9181CC0B27047F3
:109A10007C68FF1F70B503000D0014000220002AAF
:109A200030D000292ED013700B78081D53704B785E
:109A30009370FFF7A9FCE070012002212B7A2371BB
:109A40006B7B034063716A7B0A401343042263719A
:109A50006E7B1640334363716E7BF608F60033432A
:109A600063712B7B0340A371287B014000200B43D3
:109A7000A371297B0A401343A3712A7BD208D20029
:109A80001343A37170BD10B50A0001000120FFF758
:109A9000C1FF10BD10B50A0001000220FFF7BAFF98
:109AA00010BD70B506000C000220002E30D0002939
:109AB0002ED07378201D0B70B3784B70F178FFF7C0
:109AC0006FFC01223579257271794B100800134023
:109AD000934010400343881010408000C90803439E
:109AE000C9000B436373B1794B10080013409340D6
:109AF00010400343881002409200C9081343C90074
:109B00000B4321202373FCF76DFE854201D2122006
:109B100070BD2220257AFCF765FE8542F7D82378B0
:109B20001820042BF4D86378012BF1D80020EFE73C
:109B3000030010B50220002909D0002B07D0032212
:109B4000481C0A7019000D3202F0E6F9002010BD21
:109B500003000222080010B5002B06D0002904D013
:109B60000E32591C02F0D8F90022100010BD03007B
:109B700010B50220002909D0002B07D00422481C70
:109B80000A7019000C3202F0C7F9002010BD10B5A0
:109B9000FFF7DEFF10BD03000220002906D0002BD6
:109BA00004D0052200200A701B784B707047030018
:109BB0000220002B08D0002906D05B7800200B7013
:109BC000013B082B00D918307047030010B5022064
:109BD000002909D0002B07D00622481C0A70190062
:109BE0000A3202F099F9002010BD10B5FFF7B0FF5E
:109BF00010BD02000B00022010B500290ED0002A73
:109C00000CD007211970118859701188090A9970B0
:109C100011180822D81C02F07FF9002010BD0300A3
:109C20000A00022010B5002B0CD000290AD0997828
:109C30005878090201431180901CD91C082202F0B7
:109C40006BF9002010BD030010B50220002909D0D7
:109C5000002B07D00822481C0A701900921802F045
:109C60005BF9002010BD02000B00022010B5002996
:109C70000BD0002A09D009211970117818185970D1
:109C8000511C062202F048F9002010BD10B5FFF764
:109C90005FFF10BD02000B00022010B5002A09D0A2
:109CA000002907D05178197011180622581C02F0AB
:109CB00033F9002010BD030010B50220002909D09F
:109CC000002B07D00A22481C0A701900063202F045
:109CD00023F9002010BD10B5FFF73AFF10BD0200B8
:109CE0000B00022010B5002A06D0002904D018006D
:109CF0005178FFF755FB002010BDF0B51F0006237B
:109D000087B003AD06000800298101922B80FEF781
:109D1000BEFC1324011E68600CD00198B847041ED5
:109D200005D129003000FEF76DFA041E02D06868E4
:109D300002F00AF83000FFF707FA200007B0F0BD84
:109D4000F0B504008BB0019115000021102202A88B
:109D500001F052FF334EA700B85900283CD0C38809
:109D6000A34239D10378002B36D14278062A18D184
:109D700002000100553235310C3006ABFFF7ACFA6A
:109D8000002829D12000FFF72FFE020006A902A813
:109D900002F0C2F8200002A901F0AEFE01200BB0D3
:109DA000F0BD816E002917D00B8A112A28D19D425F
:109DB0000ED101981231093A01F0F6FE012807D1BF
:109DC000BB5920009D6EFFF70FFE29000200DEE761
:109DD00032212000FFF7DAFC2000FEF7FDFE061E10
:109DE0001BD0416A002918D00B8AAB4215D108223A
:109DF0000198123101F0D8FE01280ED1716A0AE0F3
:109E00009D42E9D108220198123101F0CDFE0128CE
:109E1000E2D1BB59996E8A7EB9E7200001F0F4FEC9
:109E2000BCE7C0467C68FF1FF0B56E4D87007E59C9
:109E300085B0337802900393002B00D085E0B3689F
:109E4000346A01937078062817D101221B7D1342D2
:109E500002D0217B114218D10222134202D0217B71
:109E6000114251D10422134203D0237B134200D06C
:109E70008EE0019B5A7DEB5982E007380428F8D820
:109E800002F002F8032E42658600B36E002B03D168
:109E90001C2001F031FFB066EB599C6E002C1CD0E9
:109EA00010220021200001F0A7FE0298FFF79CFD80
:109EB00001002000FFF730FA01F06EFE2082200042
:109EC00008211230FFF728FA0298FFF78DFDA076DF
:109ED000EB592100D888FFF711FC0822EB591CE050
:109EE000B36E002B05D01A00198AF0881232FFF7E2
:109EF0000FFC0222019B197DEB59114250D0207BAF
:109F000010424DD0073208E0F488FCF7D5FD01007F
:109F10002000FFF713FC0A22EB595A705A78073ACF
:109F2000042A12D8D888FEF757FE002856D0C389D5
:109F30005A08D2182C49029B0298CB549B00EB582C
:109F400041180433294801F0D7FF05B0F0BDFCF7F4
:109F50009BFD03000120834201D100200393EB59B4
:109F6000DE88FCF797FD039902003000FFF7F0FB55
:109F7000019AEB59117D0422114218D1019A527DA8
:109F800001210A4218D0607B084215D00C22C4E798
:109F9000F688FCF733FD01003000FFF7EDFB68E7C2
:109FA00004221142EAD0217B1142E7D0AAE7217BAB
:109FB0001142E3D00B22B0E702210A4204D0607BB9
:109FC000084201D00E22A8E704210A4204D0627B95
:109FD0000A4201D01022A0E712229EE7FA22520084
:109FE000A8E7C0467C68FF1F8068FF1FA3A300117D
:109FF00010B5064B1A780423100018401A4200D0FE
:10A000000348FFF723FA002010BDC0460967FF1F71
:10A010007041FF1F70B50400FFF7D0FA051E43D151
:10A020002000FFF779FA234EA400A0598268937CA0
:10A03000DB0708D50321036A1B790B40012B02D1F2
:10A04000017F0B430377431DD97F8B1E022B0DD855
:10A05000022900D00121C088FCF784FF0421335974
:10A060001A7F59700A431A77280070BD01290CD154
:10A0700002231022437000210C3001F0BDFD305945
:10A0800010213530FFF748F9EEE70529ECD102231E
:10A09000D118437010220C3001F03EFF04233259D6
:10A0A000117F0B431377EAE708251828DCD1053D1B
:10A0B000DAE7C0467C68FF1FF0B58BB00591438896
:10A0C0007C4F9E00F45915000493002C15D10129F2
:10A0D00002D000200BB0F0BD101D57781678FFF7A6
:10A0E00053F9EB68320002932B7A049901930090A4
:10A0F0003B002000FCF700FFEBE7E388049A934263
:10A1000001D00820E6E72378012B00D1D0E0059BA1
:10A11000581E092800D9CBE001F0B6FE05CA0A296D
:10A12000C8506C859AB229000498FFF773FFD1E7F5
:10A13000200029001022453001F0EEFEB9594B787D
:10A14000042B02D1013B4B70C3E70B000A002533FF
:10A1500035320C310498FFF791F90498FFF7FEF9B6
:10A160000522431E9841BB59C0005A70B2E7200037
:10A1700029001022553001F0CFFE049B4D4C9D006C
:10A18000295904980A0006AB55320C31FFF776F9CD
:10A1900029591022453106A801F006FD012808D1F1
:10A1A0000498FFF7F3F90590002804D106222B59F3
:10A1B0005A7005988EE708230593FAE763780C2B0D
:10A1C00076D1E36E002B03D11C2001F095FDE066F3
:10A1D000BB59D86E00286BD01022290001F09CFEDC
:10A1E000BB590498DC6EFFF7FFFB0D22A076BB592C
:10A1F0005A706EE7E06E00285AD063780D2B57D165
:10A200002B8808220382A91C123001F085FEBB595D
:10A210009A68517D0222114226D0186A407B104272
:10A2200022D00C32E4E763780E2B41D1236F002B50
:10A2300003D1162001F060FD2067BB59186F00287C
:10A2400003D01022290001F067FE0F22BB59CFE78F
:10A2500063780F2B2CD1206F0622691C103001F07F
:10A260005BFEBB599A68517D0422114203D0196AE2
:10A27000497B1142D5D100210498FFF787FA28E7DE
:10A28000606F002808D1143001F036FDBB596067BB
:10A29000586F002800D134E71022290001F03CFE5D
:10A2A0000122BB5952425B6F1A61E4E72978E3E768
:10A2B00007200FE77C68FF1F10B5064C207001F0E7
:10A2C0000BFE06212078FDF78DFF0348FEF772FC98
:10A2D00010BDC0468F68FF1F5994001100200BB2BB
:10A2E00070B50D00834216DA264B187801F024FD74
:10A2F000041E0DD00378922B0ED0A02B37D0224B0A
:10A300001878FF283AD0210001F0FEFD002835D151
:10A3100080200002684070BD43780E2B0BD03E2B8E
:10A32000EDD18378052B12D0082BE8D18179808874
:10A33000FFF7D6FA08E0154B82889A42DFD183688E
:10A340001878591CFEF7C4FE0028D8D016E0104B30
:10A350001B785B0712D50F4B1B68002B0ED09B6838
:10A36000002B0BD0C289811D80889847ECE7FFF74E
:10A3700041FAA068002801D001F0E6FC200001F0BD
:10A38000CBFBC5E78F68FF1F6941FF1F1820000046
:10A390000967FF1F7868FF1F10B50078FFF712FAF2
:10A3A00010BD10B50078FFF7FBFA10BD0123834004
:10A3B000094A10B5946B1C439463506B98435063E7
:10A3C000D46B20009843012901D120001843D063A9
:10A3D000116B0B43136310BD00800040F0B50025E6
:10A3E00001271A4B85B0DA6B194E03921A6C029250
:10A3F000DA64029BEB403B4221D0039CEBB2EC4081
:10A400000193336A3C40002B02D03900002C05D167
:10A41000736A002B04D0002C02D1210001989847C8
:10A42000316A736A002908D03900002B01D021005D
:10A4300079400198FFF7BAFF01E0002BF9D101350F
:10A440000C36172DD5D105B0F0BDC04600800040B8
:10A450009068FF1F064B01215A68C2400A4204D08F
:10A460001B68C3401800084070471B6DF9E7C046E1
:10A47000008000400122064B8240002903D0D968A9
:10A480000A43DA607047D9689143D960FAE7C04659
:10A49000003800400322424370B50F4DAB189C7842
:10A4A0005E780123361B0136B340013BA340A14037
:10A4B000DB430C00122808D8525D0849920052185C
:10A4C000116819402143116070BD054A11680B40A5
:10A4D00023431360F8E7C046F1C2001108F00040C2
:10A4E00014F00040C21F70B5D4B20623092C0BD85B
:10A4F0000125084C9540002908D00021FFF7CAFF2C
:10A5000023682B4323600023180070BD2368AB43EE
:10A51000F8E7C04600380040012202388240054B6F
:10A52000002903D059690A435A6170475969914318
:10A530005961FAE700380040F8B50E0001210F001C
:10A540008740114A0400D368FD43BB43D360831E98
:10A550008B4201D8FFF7E0FF00212000FFF7C2FF88
:10A560000A4A0B4B5168012E05D139431B19516022
:10A570005E700020F8BD2940516002221C196270F3
:10A580009A6915409D61F4E7003800400080004062
:10A590009068FF1F012210B58240074B002906D0AA
:10A5A00019680A431A600121FFF7C6FF10BD196838
:10A5B00091431960F7E7C046008000400C2370B556
:10A5C000002543430A4A29009B181D70094B0400CB
:10A5D0001B185D70FFF7B0FF0123A3400649280058
:10A5E0000A681A430A6005490A689A430A6070BDFE
:10A5F000AC68FF1F9068FF1F34800040308000402F
:10A6000070B504000E00FF2813D003250540FFF7A6
:10A61000D5FF084AA3089B009B183F22ED00AA40E3
:10A62000AE40196820009143314319600121FFF7C2
:10A6300021FF70BD18380040F8B50C244443134B7B
:10A640000500E4186368002B03D1A3681220002BD7
:10A650001AD0022201270E4B00215B195A702800E4
:10A660002770FFF769FF63681E1E08D0A3683E00CD
:10A67000002B04D02800FFF7EDFE4640F6B228007C
:10A680003100FFF793FE0020F8BDC046AC68FF1F05
:10A690009068FF1F70B50E0015000400FFF78EFFD5
:10A6A0000C236343094A20009B189D605E60FFF7FE
:10A6B000C3FFF021064B074A8900051E5A5002D0FD
:10A6C0002000FFF77BFF280070BDC046AC68FF1F6D
:10A6D0000000FF1FDDA3001170B5104D07202C787E
:10A6E000002C1AD1982221005200280001F094FA7F
:10A6F0000123C420FF222B70094B80001C635C6384
:10A70000084B1C605C60084B195891433F3A0A4360
:10A710001A508022200052021A6070BD9068FF1FFC
:10A7200000800040A0F0004000E100E0F8B5060025
:10A73000012826D00B220827164C01239340164AE5
:10A74000164DD3677301ED18287C0021FFF792FEA8
:10A750000021687CFFF78EFE0025802338002373DC
:10A760002571257025732572656001F0B5F83800F4
:10A7700001F0EAF90A4BAE4207D1EB2292009E505B
:10A78000F8BD11221927074CD7E7F12292009D50FE
:10A79000F6E7C0460040004004E100E03C6AFF1FCD
:10A7A0000000FF1F00900040F0B587B0050001F0E9
:10A7B0003BFA04902800FFF7B9FF012D00D17DE09E
:10A7C0000523042708260393444C06330193444B86
:10A7D0006A019B181A7CFF2A02D15B7CFF2B6BD08D
:10A7E000300001F029FB300001F076F83C4B6A01A3
:10A7F00002936B010593029B02219E18307CFFF7A8
:10A8000049FE0221707CFFF745FE39000027307CAD
:10A81000FFF7F6FE707C0399FFF7F2FE277371696C
:10A82000049B18114B08C01801F09EF88023276183
:10A830002373030ADBB22371F37EC0B22070BB42E4
:10A8400044D01B232373029B6A019B181A7E0123A9
:10A85000002A3DD087222272636062687F331343EF
:10A860006A0194466360029B63449B7E002B03D085
:10A8700002236268134363601A4A002D2AD1EB2138
:10A88000194B89005350019B184A9B089B009B1849
:10A890000322019CC0202240FF24D200944080006B
:10A8A0001958A1438024944022000A431A500123DE
:10A8B000019A93400D4A136007B0F0BD09230827A1
:10A8C0000393DB1919260A4C019380E70323B9E7A8
:10A8D0002272C5E7F121074BD3E7C0460040004094
:10A8E0003C6AFF1F0000FF1F411BFF1F00E100E04B
:10A8F00000900040811BFF1F10B50020FFF754FFA0
:10A9000010BD10B50120FFF74FFF10BDF0B587B0A7
:10A9100005930CAB1D78174F6E01F35D029002ACEE
:10A92000112003910492002B1ED1637A0C380193FD
:10A93000002B19D119002022F01901F06DF90E4BEE
:10A94000F31807CC07C39C466246236828001360AF
:10A95000FFF72AFF0123F355002D07D12900082016
:10A96000064A01F0F9F8002007B0F0BD1920044AAA
:10A970000199F6E73C6AFF1F4C6AFF1FF9A8001116
:10A9800003A9001137B5013843425841A022434280
:10A99000D20113400F4A20209B1800220E4C009237
:10A9A0001A7D024209D00022197040210A48019202
:10A9B0001A7D0A4208D0002005E0009A551C009537
:10A9C000A242EDDD0D203EBD019A541C019482424D
:10A9D000EEDDF7E70040004010270000030010B54F
:10A9E0000620072B09D8054A137001F045FAD72134
:10A9F0000020034B034A89005A5010BD9441FF1FA9
:10AA00000000FF1FC11BFF1F70B51D0002240C2991
:10AA100010D8094ACA40D2070CD5FBF7EFFE041E36
:10AA200008D1059A04992800FBF704FFFCF770FD94
:10AA3000FFF7DEFA200070BD1210000030B50D786F
:10AA400002232C009C43184201D02B431C000825F4
:10AA50002300AB43284201D02B00234320241D00B8
:10AA6000A543204201D01C4325002A230D70184223
:10AA700004D011781E3B0B43137030BD0028FCD16D
:10AA80000C2113788B43F7E7F8B51D0006AB1B8844
:10AA9000140007AA0E000B201778002B27D10A7884
:10AAA000022A49D14A68507811780002244A0843A2
:10AAB0008018042840D801F0E7F903121D1B230079
:10AAC000F06800F0A9FF021CC0B2B84200D93A1CDD
:10AAD000D2B22000F1682A8001F01EFA06E00222BC
:10AAE000F3681B882A8023701B0A63700020F8BD5E
:10AAF0000622EEE701232B80F3681B782370F5E72D
:10AB0000F368002B16D008222A801A8822701A882F
:10AB1000120A62705A88A2705A88120AE2709A88E1
:10AB200022719A88120A6271DA88A271DB881B0A84
:10AB3000E371DBE72B80D9E701202B80D7E7C04604
:10AB400000D6FFFFF7B516000A781D0008AB1F8876
:10AB50000C000123022A18D14A68507811780002AB
:10AB60002B4A0843801803280FD801F08DF90225DD
:10AB70004439E06800F050FFC0B20723B84204D364
:10AB80007B190193152B02DD0D231800FEBDE06833
:10AB90002A003100C01901F0BFF96B4600209B88E4
:10ABA000E268D0541B4B1B68834203D01B6883426E
:10ABB00000D098470023E8E70B23002FE5D1022DB2
:10ABC000E2D1737832781B021343E2681380114B91
:10ABD0001B68002BEED01B68002BEBD00120E8E7B0
:10ABE0000B23002FD1D1062DCED12A003100E068F1
:10ABF00001F092F9DEE70B23002FC6D1012DC3D15E
:10AC000032787533012AC0D8E3681A70D2E7C0469B
:10AC100000D6FFFF946AFF1F70B50C0015000728CF
:10AC200037D801F031F9041436361B36242E18209B
:10AC300015290BD8184E16220021300000F0DCFF39
:10AC400022002900300001F067F9002070BD1820B3
:10AC50000229FBD11288114B1A80F6E71820082927
:10AC6000F4D10A000E48290001F006F8EDE718209B
:10AC70000129EBD10B4B10780B49DA69FFF7DEFEA7
:10AC8000E3E718200129E1D1064B10780749DA6B78
:10AC9000F4E70220DAE7C0467C6AFF1F1242FF1F7A
:10ACA0000842FF1F9841FF1FC041FF1FE041FF1FE7
:10ACB000030010B50020DB0704D50721024A034832
:10ACC00000F08CF810BDC04638C300119841FF1F3A
:10ACD000054A03001068002803D082889A4201D1F7
:10ACE000806870470068F6E78C6CFF1F0A880300D5
:10ACF00008009A4204D08A8804309A4200D000208A
:10AD00007047000073B50600684615000196018083
:10AD1000FCF730FF041E11D1002D0FD07689002ED4
:10AD200011D00C2000F0E8FF00280ED0084A046083
:10AD3000136886808560002B02D11060200076BDEC
:10AD40001A001B68F7E70224F8E71324F6E7C04669
:10AD50008C6CFF1FF8B5F22200230D4F0D4E796861
:10AD6000050042433370994200D07B600A4C0021B9
:10AD7000200000F041FF00231A007C609D4201D1B9
:10AD80003570F8BD01332280DBB2F234F6E7C046FD
:10AD9000846DFF1F826DFF1F906CFF1F0121002239
:10ADA0000A4B10B549420A4C198099809A719A70E1
:10ADB000084B2070012019805A60FFF7CBFF2078E4
:10ADC000FCF736FF0448FDF7F5FE10BD9C6AFF1F37
:10ADD0008C6DFF1F846DFF1F89AE0011022310B51B
:10ADE000002802D0FFF78EFF0300180010BD0000FE
:10ADF000030010B50020DB0704D50421024A0348F4
:10AE0000FFF780FF10BDC0464CC300111842FF1F62
:10AE1000F0B50E2687B003930CAB1F8802ABF61873
:10AE20000500080031000292FDF72CF80400012013
:10AE3000002C0FD03088FFF74BFF03000E20002BB3
:10AE400008D05E68002E05D021002800039B029ADE
:10AE50000097B04707B0F0BD0A4B10B5984207D134
:10AE60000122002352420A808B708A808B7110BDB0
:10AE7000FFF73CFF0028FAD001235B420380002348
:10AE80008370F4E7FFFF0000F8B5050001290AD13F
:10AE9000134E00243388F227AB4219D02800114901
:10AEA000FFF7DAFF06E0022904D10139FDF700FFC0
:10AEB0000028EDD0F8BD3B0063437268D018D35A28
:10AEC000002B09D03A00002100F096FE0134E4B2D4
:10AED000054B1B78A342EED801235B423380DDE7AC
:10AEE000846DFF1F9C6AFF1F826DFF1F10B5FFF767
:10AEF000FDFE03000020834200D0987810BD0000C2
:10AF0000F0B589B01C000EAB80CB03901E8810AB4F
:10AF10001B78049202930B7A0D00DB0616D42B7873
:10AF20000593022B24D00498FFF7D2FE002812D0FC
:10AF300003689C46002B0ED0029B2200019329003F
:10AF40003B00644603980096A04705E00498FFF78D
:10AF5000BFFE002802D10E2009B0F0BD8368002B8F
:10AF6000F9D00A222900039898470028D7D0F3E7A0
:10AF70006B6858781A786A4B000210439842D2D80E
:10AF8000043B984210D2674B984242D015D8664B8A
:10AF9000C0180128C7D80B20002EDDD1EB681A7825
:10AFA00059683A80200028E0604BC018032800D977
:10AFB00078E000F069FF836A779D5D4B9842B2D1DB
:10AFC0000B20002EC8D101233B80EB6831001B7899
:10AFD00023706889013080B2FCF754FF3A88031E61
:10AFE0000ED0017802328A183A8042896270428912
:10AFF000120AA27059680278E01C00F08DFF06E08A
:10B0000004323A8031000422601C00F0F5FD00207B
:10B01000A2E70B20002E9FD1EB6807A91E8804230E
:10B020003B80330A300026706370FCF72BFF051E4F
:10B0300028D004AB9A890E2304A95B183D49C66841
:10B04000FCF794FF00280BD12B783B486A680599E0
:10B05000FBF746FB002803D1012304AA5B42D381FE
:10B060003278022A06D17168201D00F055FF3B8816
:10B0700002333B800E2304AA9B181B88A3701B0A73
:10B08000E370C4E704ABDE81F4E70B20002E00D0B0
:10B0900062E7E9680398FFF729FF02233B802070ED
:10B0A0006670B4E70B20002E00D055E70222EB6853
:10B0B0001B883A8023701B0A6370A8E7E86800F0D9
:10B0C000ABFCC2B203000720B24200D244E70DD06D
:10B0D0000299DBB27118994202DB921BD3B2029340
:10B0E000029BE9681A003B8089195BE70023F6E7B9
:10B0F0000B20002E00D02FE70722EB683A801A7849
:10B1000022705A7862705A88A2705A88120AE270C5
:10B110001A792271DA886271DB881B0AA37176E7DB
:10B12000042900000228000000D8FFFFFFD6FFFF1F
:10B1300003280000FFFF0000C0C20011F0B58DB071
:10B140006B460020089120229B5E83423DDAA54B8E
:10B15000187800F0F1FD071E32D00378B02B2CD107
:10B160000079023816281FD800F05EFC17001E0078
:10B170001E001E0031001E0094001E001B011E0058
:10B1800050011E0071011E00CB011E0050021E0066
:10B190001E001E008E021E00B902934B93491B88AD
:10B1A00078880B80FAF7DEFF3800FCF761FF904BE0
:10B1B0001B68002B01D038009847380000F0ACFC29
:10B1C0008020089B0002434018000DB0F0BDEE2225
:10B1D0000021864800F010FD0BAA3B7B7989388955
:10B1E00000923A000D32FCF761FD04007F4B1B78A2
:10B1F000002C3DD144E07F4B7888059306AB9A8ABA
:10B200007D4B4100CB5A7D4E073BDBB202930023BE
:10B21000210001930096059BFFF772FE734D0028F5
:10B220000FD133883A8A9A420BD1380005991230EF
:10B2300000F0BAFC002804D02B7862899B00EB1840
:10B240005A80162606ABF6189A8A200033007989B0
:10B25000FCF78CFE2B7804009A00AA18518800296C
:10B26000C4D00133DBB22B70002806D03188918026
:10B27000634A12889A42BED802E001214942918075
:10B28000002B04D059497888FAF7A0FF8CE73E8953
:10B290000A2479E000253E89574B06937B88069A5D
:10B2A0005B009B5A033B9D4202DB002DF0D05BE02C
:10B2B000162206A812183B7B798900923A003000CA
:10B2C0000D32FCF7F3FC0590002858D04689017A2E
:10B2D0007888FCF7B3FC041E44D1464B788807936A
:10B2E000069B4100C95A454B0439C9B206AAD28A05
:10B2F00006930291019400930599079BFFF700FEC6
:10B30000041E2FD1069B39491A88931C002D26D183
:10B310004B807988384B4900CB5A5119033B8B42FB
:10B3200020DD059B31485B8941190B71A91C013552
:10B33000C9B2EDB2059145191B0A2B71059B2D4928
:10B340000433181800F0E8FD2C4B059A1B88D3181D
:10B35000DDB22C4B9E4205D00136B6B29CE749883F
:10B360009942D6D0002D0CD0204C2800618800F0E6
:10B37000DBFD207021007888FAF738FF14E7059C80
:10B38000F0E7002C00D183E77B78142B00D10BE78A
:10B3900016493B794E800B700C717888FAF7D8FE0D
:10B3A00002E7162406ABE41821003889FCF76AFD91
:10B3B000011E00D18FE1788822880F4C45002C5B5C
:10B3C0000A4D013CE4B2029400240F4B0194009515
:10B3D000FFF796FD041E00D016E129007888FAF7E1
:10B3E00015FFE1E68C6DFF1F0A41FF1FA46AFF1FD6
:10B3F000986AFF1F986BFF1FDC66FF1F886CFF1F9A
:10B400000841FF1FFFFF0000A66AFF1F162406ABBE
:10B41000E41821003889FCF735FD011E00D15AE1FE
:10B4200078882288B24C45002C5BB24D013CE4B2D6
:10B4300002947C89B04B01940095FFF761FD041ED6
:10B4400000D0E1E029007888FAF7EAFEACE60025B2
:10B45000A84B1D803B00F6331B78A64A78880792DC
:10B46000AB4208D9A24B12880693069943005B5A57
:10B47000013B9A4203DB0799FAF7DCFE94E61624B7
:10B480006B00FB18059306ABE418059B2100188997
:10B49000FCF7F8FC011E03D1059B01241E8973E70C
:10B4A0007888964B2288069C099343001B5B944E38
:10B4B000013BDBB20293002300960193099BFFF747
:10B4C0001FFD041E02D0059B1E895DE77B88069A3E
:10B4D0005B009B5A079A1088328881188B4203DCE4
:10B4E0001B1A013B9AB23280824C02300999001932
:10B4F00000F012FD2388328801359B182380EDB2BD
:10B50000A8E70BAA3B7B7989388900923A000D3273
:10B51000FCF7CCFB00250600002E04D10A24002DE8
:10B5200000D171E063E0317A7888FCF787FB010095
:10B53000041E67D16E4C714B788805940793059B68
:10B540004400E45A6E4B063CE4B206AA928A069383
:10B550000294019100933100079BFFF7D1FC041E78
:10B5600050D1069B634A1B88002D34D1043353808D
:10B57000604C728963191A716B1C9BB2E318120A32
:10B580001A7106AB9A8A162306A81B18798930000F
:10B59000FCF7ECFCFF212B1DAA1C9BB20335059385
:10B5A00006000B0092B2ADB2002803D006ABDB8AD6
:10B5B000D9B21B0AA218651911712B71059B504D48
:10B5C000181D2A884D49201800F0A6FC2B88059AE2
:10B5D000D3189DB2A0E751881A1D914207D17A88ED
:10B5E00005995200525AEB18053A9A42C0DC414C78
:10B5F0002800618800F0B8F9207021007888FAF7F7
:10B6000023FED1E5002DF2D13E89BDE6162606AB1C
:10B61000F61831003889FCF735FC3D000400FA3596
:10B6200000282DD0037A9B060CD400227B8939890F
:10B63000788800923A000C32FFF7EAFB041E10D023
:10B640003E8915E03088FFF743FB00281AD0836855
:10B65000002B17D02100122278889847041EE4D0CE
:10B66000EEE72B78002B02D17888FAF7FDFD002653
:10B670002B78002B00D097E5002C00D194E583E6D1
:10B680000124DDE70E24DBE7162506ABED182900C3
:10B690003889FCF7F7FB041E1DD0037A9B0609D4FA
:10B6A000184B7A8819888A4263D0174881425FD044
:10B6B0000924A9E72888FFF70BFB00280DD0836831
:10B6C000002B0AD02100122278889847041EE7D068
:10B6D0009AE7100053E0012496E70E2494E7094B03
:10B6E0007A881B889A423FD07888FAF7CFFD5BE5CD
:10B6F000DC66FF1FA46AFF1FA66AFF1F986BFF1F6F
:10B70000886CFF1F846DFF1FFFFF0000F223059868
:10B7100051684343CD18C95A00291FD03B7A012BE9
:10B720000BD16C88AB887888AA1D0094FFF770FB5A
:10B73000041E02D000233B722E88F2220021280032
:10B7400000F05AFA00232B80059B0133DBB20593EE
:10B75000144B05991B78144A8B42D7D801235B42BE
:10B760001380002CC0D00FE6002634000596EFE7CA
:10B770001A8058680B4B1A78F22353431B189842CF
:10B7800096D002000188F2320029A2D13C00083490
:10B790002100F22200F0C0FB21007888FAF76CFD4E
:10B7A00002E5C046826DFF1F846DFF1F70B5040067
:10B7B0000E001500FFF79AFA031E08D13100054864
:10B7C000FFF794FA03001120002B02D01C80002008
:10B7D0009D7070BDFFFF0000F8B50B4F06003B7871
:10B7E0000D001400FF2B0ED00A2000F0EDFA011E10
:10B7F00009D0B1230380002346800371C5800481F2
:10B80000387800F081FBF8BD5942FF1FF8B50F00F2
:10B8100006A90600088807A90B25098800281FD15A
:10B820000235022B1CD15478137824021C432300C8
:10B8300073358B4314D1FD6830002900FFF756FBA8
:10B8400084420CD0290022003000FFF7AFFF112501
:10B85000002805D1220030007989FFF7BDFF0025BF
:10B860002800F8BDF0B50E7885B003900AA80588C9
:10B870000120022E0DD14C682778647824023C43C5
:10B88000054FBC4205D10398DBB201960095FFF746
:10B89000BDFF05B0F0BDC04602290000034B10B546
:10B8A0001B68002B00D09847FEE7C046906DFF1F35
:10B8B00007B501A8FFF7F2FF044A05480021121A54
:10B8C00000F0AAF9F7F792FFFEE7C046946DFF1F5C
:10B8D0005C42FF1F0000000001B40248844601BC26
:10B8E000604700BF0538FF1F01B40248844601BC11
:10B8F000604700BF4139FF1F01B40248844601BCC4
:10B90000604700BFDD66010001B40248844601BC07
:10B91000604700BF456B010001B40248844601BC8A
:10B92000604700BF5952010001B40248844601BC7F
:10B93000604700BFB54C010001B40248844601BC19
:10B94000604700BF0D52010001B40248844601BCAB
:10B95000604700BF691F000001B40248844601BC73
:10B96000604700BF6920FF1F01B40248844601BC44
:10B97000604700BF090E000001B40248844601BCC4
:10B98000604700BF1D4B010001B40248844601BC62
:10B99000604700BF5147010001B40248844601BC22
:10B9A000604700BF1147010001B40248844601BC52
:10B9B000604700BF2531FF1F01B40248844601BC27
:10B9C000604700BF851F000001B40248844601BCE7
:10B9D000604700BFC56D010001B40248844601BC48
:10B9E000604700BFC94A010001B40248844601BC57
:10B9F000604700BF5125000001B40248844601BCE5
:10BA0000604700BF7918000001B40248844601BCB9
:10BA1000604700BF652EFF1F01B40248844601BC89
:10BA2000604700BFDD52010001B40248844601BCFA
:10BA3000604700BF9939FF1F01B40248844601BC2A
:10BA4000604700BF017F000001B40248844601BC8A
:10BA5000604700BF2526000001B40248844601BCAF
:10BA6000604700BFC521000001B40248844601BC04
:10BA7000604700BF9134FF1F01B40248844601BCF7
:10BA8000604700BF055E000001B40248844601BC67
:10BA9000604700BF291C000001B40248844601BC75
:10BAA000604700BF6571010001B40248844601BCD3
:10BAB000604700BF056A000001B40248844601BC2B
:10BAC000604700BF8539FF1F01B40248844601BCAE
:10BAD000604700BF156B010001B40248844601BCF9
:10BAE000604700BF5D17000001B40248844601BCF6
:10BAF000604700BF8552010001B40248844601BC82
:10BB0000604700BF311B000001B40248844601BCFD
:10BB1000604700BFBD30FF1F01B40248844601BC2E
:10BB2000604700BF434D010001B40248844601BC98
:10BB3000604700BFC51D000001B40248844601BC37
:10BB4000604700BF3555000001B40248844601BC7F
:10BB5000604700BFC537FF1F01B40248844601BCDF
:10BB6000604700BFD130FF1F01B40248844601BCCA
:10BB7000604700BF9D34FF1F01B40248844601BCEA
:10BB8000604700BF5D39FF1F01B40248844601BC15
:10BB9000604700BF5932FF1F01B40248844601BC10
:10BBA000604700BF2951010001B40248844601BC2E
:10BBB000604700BFCD4C010001B40248844601BC7F
:10BBC000604700BFC730FF1F01B40248844601BC74
:10BBD000604700BFA54F010001B40248844601BC84
:10BBE000604700BF4536FF1F01B40248844601BCD0
:10BBF000604700BFA530FF1F01B40248844601BC66
:10BC0000604700BF154D010001B40248844601BCE5
:10BC1000604700BF091B000001B40248844601BC14
:10BC2000604700BFB70E000001B40248844601BC63
:10BC3000604700BFD1A5000001B40248844601BCA2
:10BC4000604700BFEDA5000001B40248844601BC76
:10BC5000604700BFC9A9000001B40248844601BC86
:10BC6000604700BF014C010001B40248844601BC9A
:10BC7000604700BFE548000001B40248844601BCAB
:10BC8000604700BF810E000001B40248844601BC39
:10BC9000604700BF9135FF1F01B40248844601BCD4
:10BCA000604700BFED38FF1F01B40248844601BC65
:10BCB000604700BF090E000001B40248844601BC81
:10BCC000604700BF1939FF1F01B40248844601BC18
:10BCD000604700BFF919FF1F01B40248844601BC48
:10BCE000604700BF8B52010001B40248844601BC8A
:10BCF000604700BF5522000001B40248844601BCE1
:10BD0000604700BF3D4B010001B40248844601BCBE
:10BD1000604700BFADAE000001B40248844601BCDC
:10BD2000604700BF5549010001B40248844601BC88
:10BD3000604700BF75A9000001B40248844601BCF9
:10BD4000604700BFF54E010001B40248844601BCC3
:10BD5000604700BFD949010001B40248844601BCD4
:10BD6000604700BF2124000001B40248844601BCA2
:10BD7000604700BFC134FF1F01B40248844601BCC4
:10BD8000604700BF8D12000001B40248844601BC28
:10BD9000604700BF4550000001B40248844601BC22
:10BDA000604700BFB14E000001B40248844601BCA8
:10BDB000604700BF0124000001B40248844601BC72
:10BDC000604700BF6531FF1F01B40248844601BCD3
:10BDD000604700BF1D4D010001B40248844601BC0C
:10BDE000604700BF2146010001B40248844601BCFF
:10BDF000604700BF7138FF1F01B40248844601BC90
:10BE0000604700BF6DBC000001B40248844601BC1D
:10BE1000604700BFE117000001B40248844601BC3E
:10BE2000604700BFE928000001B40248844601BC15
:10BE3000604700BF4551010001B40248844601BC7F
:10BE4000604700BF8537FF1F01B40248844601BC2C
:10BE5000604700BF0519FF1F01B40248844601BCBA
:10BE6000604700BF3937FF1F01B40248844601BC58
:10BE7000604700BFF30E000001B40248844601BCD5
:10BE8000604700BFC11BFF1F01B40248844601BCCC
:10BE9000604700BF7139FF1F01B40248844601BCEE
:10BEA000604700BFB352010001B40248844601BCA0
:10BEB000604700BFD91B000001B40248844601BCA2
:10BEC000604700BFED4A010001B40248844601BC4E
:10BED000604700BFF94C010001B40248844601BC30
:10BEE000604700BFC926000001B40248844601BC77
:10BEF000604700BF3D18000001B40248844601BC01
:10BF0000604700BFA946010001B40248844601BC55
:10BF1000604700BF594F010001B40248844601BC8C
:10BF2000604700BFE94C010001B40248844601BCEF
:10BF3000604700BF350E000001B40248844601BCD2
:10BF4000604700BF3119FF1F01B40248844601BC9D
:10BF5000604700BF4D37FF1F01B40248844601BC53
:08BF6000604700BF4D1F000007
:10BF680048656C6C6F204F5441210D0A00525820CF
:10BF7800434D443A203078253032580048656C6C7F
:10BF88006F0D0A0042544E5F5052455353454400CA
:10BF980030313233343536373839414243444546F7
:10BFA800000000000506FFFF00C2010001000000BC
:10BFB800F936001100030103020303030403050219
:10BFC80006020702080209030A030B030C030D0308
:10BFD8000E030F03100311031303140315031603B1
:10BFE800913B0011C53B0011000000000200000059
:10BFF800FEBF0011192A0F181EFF4C0012190A0063
:10C00800F1590000FD24000041460100C1820011E1
:10C01800DDA200111D770011C58000117D540011AB
:10C028003DB1001115500011D94000110142001115
:10C038000000000016160000020000004CC00011AD
:10C04800F4FFF3FFD2FC00004143001100000000A0
:10C0580000000000534849436F0042322E3100303F
:10C06800303031006769746875622E636F6D2F70A8
:10C07800767678004844503136000000020000000F
:10C0880098C00011292A282A272A262A252A242A5C
:10C098000A180000050000001F281D10023CB4000B
:10C0A80000012A002100000009006000000001A032
:10C0B800000000006410B71DC8206E3BAC30D926C4
:10C0C8009041DC76F4516B6B5861B24D3C71055070
:10C0D8002083B8ED44930FF0E8A3D6D68CB361CB98
:10C0E800B0C2649BD4D2D38678E20AA01CF2BDBD4C
:10C0F800DC1D2F1C9A1A1C19B3175E161D15EE139A
:10C10800C1122B12C210D10FEE0E170E4D0D8E0C50
:10C11800D902D202DA02D202D902D202D702D2025C
:10C12800D902D202DA02D202C002D202DA02D20262
:10C13800D902D202D502D202D902D202D702D20241
:10C14800C002C002C502C204FF02FF04FF1ED604DB
:10C15800D604D204EB04FF04EB04FF04D404FF0468
:10C16800D404FF04D404D808D904DB04D904D904BE
:10C17800D904D404FF04D204FF04D604FF04D6046F
:10C18800FF04D604D408D604D404D608D204EB0499
:10C19800FF04EB04FF04D404FF04D404FF04D40414
:10C1A800D808D904DB04D90CD404FF04D204FF0452
:10C1B800D604FF04D604FF04D604D408D604D40455
:10C1C800D608D204EB04FF04EB04FF04D404FF04F4
:10C1D800D404FF04D404D808D904DB04D90CD4044B
:10C1E800FF04D204FF04D604FF04D604FF04D604D7
:10C1F800D408D604D404FF1EA95D0011795D00118E
:10C20800000000001000000034C200119ECADC24A7
:10C218000EE5A9E093F3A3B50300406E9ECADC24A3
:10C228000EE5A9E093F3A3B50200406E9ECADC2494
:10C238000EE5A9E093F3A3B50100406EFB349B5FC4
:10C24800800000800010000000000000276300113B
:10C25800A97900114B630011B57D0011CF6300115E
:10C268008B7D001145640011617D001197640011F8
:10C27800317F0011FF640011317F00113165001119
:10C28800EB7E001145640011197D0011BD64001199
:10C29800C97E00110000000000000000A365001125
:10C2A800C97E001105660011C1790011052A042A0A
:10C2B800012A002A02290328012800280118001849
:10C2C80000000000000000000000000000000087DF
:10C2D8000101020102010102010203030401030139
:10C2E800010101010303020103000201000504002A
:10C2F8000807000B0A001716001D1C0102010105A2
:10C3080004010E0D011110011413011716011A1959
:10C31800020201020B0A020E0D021110021413028E
:10C328001716030504030807030B0A030E0D000084
:10C3380089AA001145AB00110000000002000000AE
:10C34800C6C200110000000065B80011000000001E
:08C3580002000000C4C2001144
:020000041FFFDC
:10000000000000004140001108C0001106C00011AE
:10001000D45FFF1F0000000000000000000000008F
:1000200000000000000000000000000000000000D0
:1000300000000000000000000000000000000000C0
:1000400000000000000000000000000000000000B0
:1000500000000000000000000000000000000000A0
:100060000000000000000000000000000000000090
:100070000000000000000000000000000000000080
:100080000000000000000000000000000000000070
:100090000000000000000000000000000000000060
:1000A0000000000000000000000000000000000050
:1000B0000000000000000000000000000000000040
:1000C0000000000000000000000000000000000030
:1000D0000000000000000000000000000000000020
:1000E0000000000000000000000000000000000010
:1000F0000000000000000000000000000000000000
:1001000000000000000000000000000000000000EF
:1001100000000000000000000000000000000000DF
:1001200000000000000000000000000000000000CF
:1001300000000000000000000000000000000000BF
:1001400000000000000000000000000000000000AF
:10015000000000000000000000000000000000009F
:10016000000000000000000000000000000000008F
:10017000000000000000000000000000000000007F
:10018000000000000000000000000000000000006F
:100190002131FF1F1D31FF1FC1660100000000005B
:1001A000000000000000000000000000000000004F
:1001B000000000000000000000000000000000003F
:1001C000000000000000000000000000000000002F
:1001D000000000000000000000000000000000001F
:1001E000000000000000000000000000000000000F
:1001F00000000000000000000000000000000000FF
:1002000000000000000000000000000000000000EE
:1002100000000000000000000000000000000000DE
:1002200000000000000000000000000000000000CE
:1002300000000000000000000000000000000000BE
:1002400000000000000000000000000000000000AE
:10025000000000000000000000000000000000009E
:10026000000000000000000000000000000000008E
:10027000000000000000000000000000000000007E
:10028000000000000000000000000000000000006E
:10029000000000000000000000000000000000005E
:1002A000000000000000000000000000000000004E
:1002B000000000000000000000000000000000003E
:1002C000000000000000000000000000000000002E
:1002D000000000000000000000000000000000001E
:1002E000000000000000000000000000000000000E
:1002F00000000000000000000000000000000000FE
:1003000000000000000000000000000000000000ED
:1003100000000000000000000000000000000000DD
:1003200000000000000000000000000000000000CD
:1003300000000000000000000000000000000000BD
:1003400000000000000000000000000000000000AD
:10035000000000000000000000000000000000009D
:10036000000000000000000000000000000000008D
:10037000B1B8001100000000000000000000000003
:10038000000000000000000000000000000000006D
:10039000000000000000000000000000000000005D
:1003A000000000000000000000000000411BFF1FD3
:1003B000000000000000000000000000000000003D
:1003C000000000000000000000000000000000002D
:1003D000000000000000000000000000000000001D
:1003E000000000000000000000000000000000000D
:1003F00000000000000000000000000000000000FD
:08183800A071FF1F4118FF1F02
:10184000024981F3088802F063F90000A071FF1FCC
:1018500070B500241E491F4A1F484C6308CA1B0567
:101860001B0DE4188242F9D11C4B80228B630021AE
:1018700009201B4B920519621A4B1B4DDA671B4B53
:10188000DA688243DA609A68194802409A60112047
:10189000296001F0B7FF112001F094FF80226B6CEA
:1018A000112093436B64EE23DB006343114A1B0C4E
:1018B000D3800122104B9A7401F005FC0F4B1B786A
:1018C000002B04D10E4B1021187802F0D1F970BD15
:1018D000000005408805054000060540FF010000A6
:1018E00000F0004004E100E0003800403CF000401F
:1018F000FFDFFFFF685FFF1F4060FF1F7662FF1F73
:101900007460FF1F10B502F0FBF9072804D01228FD
:1019100008D0022808D010BD044A0420136B0133FC
:101920001363F8E70220F6E71420F4E78467FF1F4B
:10193000F8B507000C0026002500503630785135E8
:10194000002804D10300287058342370F8BD29788A
:10195000CA00481E8141A3183800A25C5B68C9B266
:10196000FFF7D0FF00280DD12B78DA00A218013341
:1019700050602B703378044A013B3370136A013393
:101980001362D8E70123DFE78467FF1F5C2343432B
:10199000074910B5C9180B0058331B78012B05D126
:1019A000FFF7C6FF034A936A0133936210BDC04636
:1019B000B867FF1F8467FF1F10B502F029F8064AB9
:1019C0000121130010CB4942D967044B136002F088
:1019D000CFF8200010BDC04600E100E0100010006C
:1019E00010B5040002F014F8024B1C6002F0C0F8BD
:1019F00010BDC04600E100E010B5040002F008F898
:101A00004021094A200013688B43136002F098F9C3
:101A100001F09CFB0022054B01201A60044B0432AC
:101A20001A6002F0BDF9FEE71CF00040C4F000406F
:101A3000C0F00040431E5A425341A022F0B5D201EB
:101A40005B421340144E154A40019B183218127E17
:101A50008BB00191002A19D01A000832D46F0022ED
:101A6000E5B206AFE4B294420CDC3018C369002B37
:101A700006D0019A03A8027006AA42600572984730
:101A80000BB0F0BD1978B9540132ECE71A7D1A7821
:101A900006AB01251A70E8E73C6AFF1F00400040D2
:101AA0007FB5244B4101CA5C0400002A2AD05A1891
:101AB000107E002826D0907E002823D0107902289E
:101AC00020D11689D588701B80B2021C102800D93D
:101AD000102292B2AE4216D1591801230B71002385
:101AE000CA69CB800B819A4206D0684603210373F2
:101AF0000171029301A890470820002C00D0192002
:101B000001F0E1FA7FBD013C60424441A020644203
:101B1000C001044008485B1824180848DD680633F3
:101B2000013A92B28242EDD019884E1C1E80695C47
:101B30002170F5E73C6AFF1F00400040FFFF0000F6
:101B40000F220E4B10B59868104002380A280BD8A7
:101B500001F00EFF0D0A0B0A0A110A0A0A0A060012
:101B600002210020FFF766FF10BD0121F9E70020E8
:101B7000FFF796FFF8E7DB6FF6E7C046004000404E
:101B80000F220E4B10B59868104002380A280BD867
:101B900001F0EEFE0E0A0B0A0A120A0A0A0A0600F1
:101BA00002210120FFF746FF10BD01210800F9E7DF
:101BB0000120FFF775FFF7E7DB6FF5E700900040C6
:101BC00013B5334C2378072B3DD8324B1A78324B60
:101BD000002A39D18022196852020A431A6025204E
:101BE00001F0D0FD20232D4A11680B4380211360A2
:101BF0006B460422C90508680733104228D08021AB
:101C00000422C905C86810422ED080212020C905B1
:101C1000CA688243CA6014221A701A78002A2FD127
:101C20008021C905C86820320243CA6014221A7094
:101C30001A78002A28D11A4B1A7D22785A601D2260
:101C40001A705932DA6013BD1A6816490A40C5E79E
:101C5000086802430A6014221A701A78002ACED04B
:101C60001A78013AD2B2F7E7C8680243CA60142270
:101C70001A7019784A1ED2B21A700029F9D1C4E735
:101C80001A78013AD2B2C7E71A78013AD2B2CEE74F
:101C90009441FF1F6B42FF1F3CF000409041FF1F2B
:101CA00000200040FFFFFEFF564B70B51B68012B64
:101CB00003D1554A936D0133936501F0E9FF534B0E
:101CC000534A1860534B544C1A600123534A136013
:101CD000534A13602378002B06D0062251495248FC
:101CE00001F0CEFE00232370504A514B10681B7840
:101CF000C1B2002B0ED14F4CC0B223785BB2002B87
:101D00004FDB237824785BB264B21B0424021B19D6
:101D10001B1813600B1C50294ED95023464A4749C3
:101D20001078DBB2FF2202284BD10868444C454DA5
:101D3000267890432A78964254D9227824782E78AF
:101D40005D10013DA31B6B435201D31A10335B118D
:101D50001843086002F094F8031F012B45D83A4B52
:101D60001B78002B06D0394B1B78002B02D00020AB
:101D700001F0CEFFA122364B92009978354B4A43B1
:101D80001B689B18832292009B181B78033B012B36
:101D900003D8AF20400001F03BFF01222E4BDA8236
:101DA00070BD237824785BB264B2FF33FF341B0428
:101DB00024021B190138ABE7CAB2022AAED20223B1
:101DC000ACE70868254C264D267890432A78964241
:101DD00008D9227824782D785B10013B641B63437B
:101DE0005201B2E72378DBB2B2E70228D5D11D4B0E
:101DF0001B78013B022B03D91B4B1B78022BCCD148
:101E00006C20C8E79809FF1FFC0FFF1FD066FF1F5B
:101E1000FF3F000014100340D466FF1F0C10034066
:101E200000100340D50BFF1F7211FF1FB4000340C9
:101E30008C09FF1F680AFF1F490AFF1F9400034017
:101E4000460AFF1F470AFF1FF908FF1F2209FF1F4D
:101E5000300DFF1F3409FF1FBC0BFF1F440AFF1F7B
:101E6000450AFF1F1C09FF1F2309FF1F10B501F0C2
:101E7000E7FE0022014B1A8010BDC046CC66FF1F52
:101E800010B501F0FDFEA121054A89009478054AAC
:101E900061431268044B5218528C1A8010BDC04620
:101EA000300DFF1F3409FF1FCC66FF1F10B50D4B0F
:101EB0000D4A9978A1239B004B431268D218531DF9
:101EC000D97F0A4B1B88994209D2441C07D0C828E5
:101ED00005D0D2695B1A5A43054B5343C01801F031
:101EE0000FFE10BD300DFF1F3409FF1FCC66FF1F12
:101EF0007102000070B5244D2B68002B28D001F032
:101F000057FD2B68D8402B680400002B27D001F028
:101F100007FF2B68D8401D4B1D4A9978A1239B00D1
:101F20004B431268D118D25C91239B00002A20D029
:101F3000CA580132CA50174B17491B6808688342B8
:101F400014D3D23B181A012A1AD0144B186070BD52
:101F500001F02EFD124B196801F0FAFED3E701F0F3
:101F6000DFFE0F4B196801F0F3FED4E70D495B1853
:101F7000E8E7CA500C4B1B68DB68E418201AE4E75A
:101F8000F530FF30E1E7C0461C08FF1F300DFF1F92
:101F90003409FF1F9C09FF1FD066FF1FA009FF1F08
:101FA0001808FF1F2DFF3F00D866FF1F70B5040003
:101FB0000D00282916D10300A433C2881B889B1A60
:101FC0000B4A9BB293420DD906006A3605223100B6
:101FD000653001F05DFF002804D13100200001F0E0
:101FE000AFFD70BD2900200001F062FEF9E7C04698
:101FF000FE7F0000F8B50500012001F0C1FD134C83
:10200000A36AA26A9342FBD1114E336001F0A8FD8E
:102010001049030008601048426894460F4A176848
:102020000022BC4501D24268BA1A0D4802603268EB
:10203000AD18A422E562606A520302436262094A53
:102040001278002A01D00F3B0B60F8BD00F0004071
:10205000340AFF1FE408FF1F28100040180AFF1F62
:102060001C0AFF1F1C09FF1F70B580241025E40502
:10207000A3682B43A36001F033FDA368AB43A360C7
:1020800070BD0000F7B5160080221C001023D20599
:102090000191916805000B43936000225B4BD730A0
:1020A0001A6001F0D5FE9D232F002A009B00EB58FB
:1020B000FC37CA32012138680092002B01D0002180
:1020C000009A01F0CDFD2900009BCB311A78504BCE
:1020D000D3351A604B780A781B0213438A781204AE
:1020E0001A43CB781B0613434A4A1BBA13604B7939
:1020F0000A791B0213438A7912041A43CB793100FF
:102100001B061343444A1BBA13606B782A781B02E0
:102110001343AA7812041A43EB781B0613433F4A71
:102120001BBA1360019A330213433D4A13603D4BBF
:1021300022001B1B9C4603293FDC032332009A43E9
:10214000B3089B00F11A9BB2032946D13549E01828
:10215000521881784078090400020143E05C04339E
:10216000014311600022FF2B4ADDF0222E4B1201A9
:102170001A600F222D4B1A602D4A1368002BFCD0D9
:102180000023224A27491360091B321D0B191B68C3
:10219000043A180A23706070180C1B0EA070E370CC
:1021A0000434002AF2DC802210213B68D20501337E
:1021B0003B6093688B439360F7BD6346D57898186E
:1021C00093782D061B042B43157804392B4355783F
:1021D00004322D022B430360ADE702290AD11149D5
:1021E000E05C5218E1184978090201430433116098
:1021F0009BB2B7E70129B5D10A495218E15CF5E76E
:10220000084959180A600433ADE7C046000004408D
:102210003C000440380004403400044030000440D6
:102220000C0004400001044004000440100004407D
:1022300014000440F0B5140080221D00102385B066
:10224000D2050191916806000B4393600023684A10
:10225000D730136001F0FCFD3300FC3358689D2338
:1022600037009B00F158CA373A00002900D083E0BC
:1022700001F0F6FC31003A785E4BCB311A604B78B6
:102280000A781B0213438A78A44612041A43CB78B7
:102290001B061343584A1BBA13604B790A791B0279
:1022A00013438A7912041A43CB791B061343534A0A
:1022B0001BBA13604B7A0A7A1B0213438A7A120400
:1022C0001A43CB7A29001B0613434D4A1BBA1360ED
:1022D000019A230213434B4A13602A00231D18005E
:1022E0000393494B5B1B0193019BCF785B180293CF
:1022F0008B783F061B043B430F7804383B434F78F1
:1023000004313F023B43029F3B600328ECDCA308FF
:102310001C0003989900431A0134181FA400072BCE
:102320002CD1394B2819E718837840781B04000218
:102330000343285D03433B6008310C000023FF2C5E
:102340002EDD324B324919600F21324B19600123C7
:1023500027490B60304B19680029FCD006211B6807
:102360000B40042B21D080220020D20593680A3133
:102370008B43936005B0F0BD012179E7022808D1B5
:10238000214BE0182B195B782C5D1B022343036063
:10239000D2E70128D2D11C4B285DE3181860CBE7A7
:1023A000194961180B600434C9E7002310490B6018
:1023B0006346002B0CDC3300FC335A6810210132D9
:1023C0005A608022D205936801208B439360D1E745
:1023D000019B9B181B68190A13705170190C1B0E76
:1023E000D37004235B4291709C440432E0E7C04602
:1023F000000004403C000440380004403400044025
:10240000300004400C00044000010440040004407B
:10241000080F0000100004401400044070B5061EB0
:1024200019D002225A4B9B799343012B13D1594B5C
:102430001A78FF2A0FD15A78FF2A0CD19A78FF2AEE
:1024400009D1DA78FF2A06D11A79FF2A03D15B79FC
:10245000FF2B00D199E0504B0C201A78012A08D0AC
:1024600000224E4D1A7029780B00093B042B01D82D
:10247000212070BD4B1F012BFAD9454CA37B042BA7
:1024800000D982E0A279032A00D97EE09A1ED2B256
:10249000012A02D860881F2877D9002E56D0012E35
:1024A00073D1A0880128E3D0002907D1581E032842
:1024B00003D801F05DFA121715122E702978481E04
:1024C000032811D80025364B1D602823237501F001
:1024D0007FFAA84227D0A580CAE702212970EDE73C
:1024E0000421FBE70321F9E707390129C0D82D4969
:1024F0000968C96A8906BBD52B4908780028B7D175
:10250000012A01D9002BB3D102230B708021274D62
:10251000263389012878237501F00AFC8021287868
:10252000890101F0A5FB0123A380214B1B78002B1F
:102530000AD0FA2280211F4B92001B8809025A43BD
:102540001A4B187801F0ECFA002092E701F060FADB
:102550002B78A680073B012B03D917482E7001F07A
:1025600077FA114B114C1A78002A06D080210022EC
:10257000207889011A7001F0DBFB01F0F9FA802163
:102580002078090201F0D4FBDEE7122071E7C04693
:10259000A60BFF1F6B09FF1F1A09FF1F1C09FF1F56
:1025A0004809FF1FD866FF1F2309FF1F1B09FF1FD4
:1025B0002109FF1F2C09FF1F0010004010B5002942
:1025C00001D001F0FDF910BDF7B55E4B019199788E
:1025D000A1239B004B435C4A060014681022E418B8
:1025E000D6235B00E0583623FF33E35C0027934398
:1025F000222B3ED1554B0F3A1A600760012501F09E
:10260000FFFB019B1880E8235B00E35C002B01D0FB
:10261000B34255DD00224E4FFA70AD32FF32A25860
:102620001168002903D09288D24392071AD0382229
:10263000FF32A25C002A15D09B225200A25C002A25
:1026400010D1B3420EDAA4235B00E15AE018090A64
:10265000023101F01DFA23000122FE33013E013553
:102660001A87FA70E8235B00E35C002B2AD0A8B23B
:10267000FEBD03683D00002BC1D081880430090AEB
:10268000023101F005FAD6235B00E3581F60B5E77D
:102690002300B133BA00FF339858013781880430E2
:1026A000090A023101F0F4F9E8235B00E35CBB4264
:1026B000EEDCE822F61AED1800235200A354A9E735
:1026C0000027F1E7200001F013FB00281FD0002EA7
:1026D0001DDD7319882647190193B600200001F00B
:1026E0003FFB5A3080002018406801358188043053
:1026F000090A023101F0CCF9200001F049FAA3598E
:102700000133A351BD4202D0019B9D42E6D1114B42
:10271000E35C002BABD095239B00E35C002BA6D0A1
:102720000D4BE15A0029A2D00C4AA35C994202D970
:102730000133A3549BE700231A212000A35401F086
:1027400097F994E7300DFF1F3409FF1F0014034071
:10275000E010FF1F5A020000720200005E0200003B
:102760000D4970B54A6E0D4CD2038B69D20BA24253
:1027700006D80B4D0224AA4204D901F0D9F970BD44
:1027800002246442E21815007E2425402242F4D03F
:10279000A3432B438B61F0E700F000400A200000C8
:1027A000FC1C0000F8B51D4B1D4F1A78002A10D1F3
:1027B000BA7B002A02D101321A7003E0032AFAD050
:1027C000022AF8D001F004F900220120154B1A70FA
:1027D000F8BD154B154D1C68154B9E7801232B70C9
:1027E0002878C0B200F09CFBBB7B002B0BD101F022
:1027F0000FFBA1239B007343E41883239B00E41881
:1028000023782B70E4E7032B02D101F0E9F8F0E71D
:102810000020022BDCD101F023F9EAE71C09FF1F9D
:10282000A60BFF1F2309FF1F3409FF1F490AFF1FC3
:10283000300DFF1FF0B587B00EAD2F780FAD2D789E
:102840000593AC46634614000E4D0CAA12782E7800
:1028500003930D9B009201932200059B029701F0C8
:10286000E7FA2E70012C01D0042C08D180220649F1
:102870008B889343054A1278D20113438B8007B0AB
:10288000F0BDC0461C09FF1F6C11FF1F7809FF1F18
:102890000B001B3B70B504003020E02B0DD813005B
:1028A000E025493BFF3B9BB2ED00AB4205D8034B13
:1028B000200019825A8201F083FA70BD8410FF1F34
:1028C00010B501F0E5F9054B00205B68052B04D934
:1028D000034A5268D20200D4980810BD001000408C
:1028E000FCE100E070B501F093F80D4B1B68FC3380
:1028F000DC691D6AFFF7E4FF6419844204D2094BC6
:1029000001241B68002B07D004220024064B1A70F8
:10291000064A93690133936101F02AF9200070BDE2
:10292000D866FF1F9809FF1F2309FF1FFC0FFF1F19
:1029300070B50C4D2B68FC335C6A01F069F8FFF749
:10294000BFFF2B680025FC339B6AE318834204D247
:10295000054B1B68AB4200D1051B01F009F92800AB
:1029600070BDC046D866FF1F9809FF1FD722044BD1
:1029700092009B5810B5002B00D0984710BDC04660
:102980000000FF1F10B500F0DBFFFFF7EFFF274946
:10299000274BCA6D1A4084235B001343CB65254B3C
:1029A0001B68186A01F0ECF8234B244A1A60244B88
:1029B000244A1A60A022244B52001A60234B187834
:1029C00001F0F6F92249234801F07AF80023214A60
:1029D0002149936002339360204B21481360032305
:1029E000936001F06DF810221E4BFF201A608022C8
:1029F00052031A60802292031A60802212041A6025
:102A000001F086F9012001F00BF9FA20400001F0F5
:102A100017F8582001F0FCF8134801F0B9F901202B
:102A200001F096F8072001F00BFA10BD00F000400D
:102A300000FEFEFFD866FF1F000003400180063D38
:102A4000BC00034034080000A40003404A0AFF1FF2
:102A50007102000014100040FFFF3F00C309000096
:102A60002810004000E100E030750000664F3B6830
:102A700088331B6883F3088801F0DAF8634A6449F5
:102A8000136800200B401360624B634A1B6893423B
:102A900000D1A4E001F024F90221604A13688B43BD
:102AA0001360FFF76FFF5E4B002418785D4DC0B2D6
:102AB00001F0B6F90223AC60AB605B4B01202B60E8
:102AC00001F05EF80323AB6001F08AF8050001F025
:102AD000DFF8060001F084F8544B186001F0E8F9C3
:102AE000534B1A68AA426441AB1A80221B1BD203C3
:102AF000934201D39B029B0A3A68D16AC90700D46A
:102B000070E04C491C0C09689BB24C4359432402A9
:102B1000090A64184849FC3293680A6803219B1A21
:102B2000464A474812689B18464A9D18464A0B4039
:102B30001768AD08DB1905601360042B03D9013554
:102B40000B40056013602D192800404901F000F981
:102B50003F4F3E493B68C3183B602800019300F09B
:102B60004FFF3C4D2868081838492860884205D92D
:102B7000019B01333B6000F043FF296001F070F9D5
:102B8000354B1B78002B0DD001F082F8334BA21B84
:102B9000196812188A4232D28919091B091A304859
:102BA00000F08EFF2F4D2B7A002B0ED001F070F825
:102BB000A21BE9681218914224D98919091B091A24
:102BC000294800F07DFF00232B72284B83F30888EF
:102BD00001F0D6F8002001F083F801F071F801F05F
:102BE0007FF85EE7DC0199000234641A5900641A28
:102BF00009214B438033CB40A408E4188AE7FA212B
:102C00008900CCE71A49DBE7D866FF1F1CF00040BB
:102C1000FFFFC1FF0C0AFF1FB64121031000004057
:102C2000490AFF1F14100040C3090000100AFF1FCB
:102C3000340AFF1F380AFF1F200AFF1F1C0AFF1F4C
:102C4000240AFF1FC4090000280AFF1F71020000A8
:102C50006008FF1F2C0AFF1F1C09FF1FE408FF1F4D
:102C600000100040740BFF1F3C10004000000020CB
:102C7000DC050000A022054B92009B5810B5002BEC
:102C800001D0984710BD01F00BF8FBE70000FF1FD3
:102C9000A122054B92009B5810B5002B01D09847FC
:102CA00010BD00F0FDFFFBE70000FF1FA222054B57
:102CB00092009B5810B5002B01D0984710BD00F032
:102CC000EFFFFBE70000FF1FA322054B92009B587C
:102CD00010B5002B01D0984710BD00F0E1FFFBE7D5
:102CE0000000FF1FA422054B92009B5810B5002B3B
:102CF00001D0984710BD00F0D3FFFBE70000FF1F95
:102D000070B500F0C5FF4F4B186000F071FE040075
:102D1000C30702D400F05CFF70BD00224A4B1A606A
:102D20004A4B18780138042829D800F021FE0320E6
:102D3000181C2400200001F05BF80128ECD0444C62
:102D40002378042B6ED101F093F80028E4D000F032
:102D500067FE582000F05CFF02232370DCE72000B0
:102D600001F03EF8E9E7200000F0C2FEE5E72000B0
:102D700000F0AEFEE1E7200000F09AFEDDE701F092
:102D80007FF80500012808D1324B1B78053B012B49
:102D900003D82000FFF76EFFD1E72D4B1B78022BE5
:102DA00001D0052B20D1022D28D12B4B9B7BAB438F
:102DB0001CD12000FFF76CFF264B18780128BED1EC
:102DC0006405BCD4244925224B7B034205D1233A18
:102DD00013405A42534126331A000B7D9342AED919
:102DE000322000F025FEAAE7022D07D1194B1B78EF
:102DF000052B11D12000FFF759FFDDE7012D0BD185
:102E0000012B03D12000FFF75FFF98E7062B03D1CA
:102E10002000FFF767FF92E7200000F041FF022D3E
:102E20008DD1C9E7032B04D10C4B987C00F010FF27
:102E300072E7072B00D06FE7094B987B00F0E0FEAC
:102E40006AE7C0469C09FF1F9809FF1F9009FF1FF2
:102E50002309FF1F1C09FF1FA60BFF1FBC0BFF1F31
:102E6000D40BFF1FFA210A4B0A4A49001A640A4A86
:102E70005A500A4A04395A50094A08319A64094A90
:102E80005A50094A5C315A50084ADA667047C046BF
:102E90000000FF1F3528FF1F3129FF1FE528FF1FF6
:102EA0001D24FF1FA527FF1FAD1EFF1F811EFF1F33
:102EB000F7B50B0CFF270122009300233C001E00F6
:102EC0001D009446019089B262469A401000084065
:102ED00018413618B6B2FF2F02D1012E00D19FB291
:102EE000009802401A41AD18ADB2FF2C02D1012D5D
:102EF00000D19CB20133102BE6D10320012E07D163
:102F0000012D04D1019B2401E4191C700138FEBD80
:102F1000102EFCD10238102DF9D00230F7E7000056
:102F20008023F7B59C46264B264F01932649274A16
:102F3000274D284C284B02281AD160463860086873
:102F4000264E3040802636033043086001990978C8
:102F5000002909D11660224A2A60224A2260E02212
:102F600019689143A03A1BE08021C9021160F2E781
:102F700066463E600F68194E3E408027FF023E4382
:102F80000E600199097800290DD1176001280ED132
:102F9000154A2A60154A2260E02219689143C03A16
:102FA0000A431A60F7BD802189021160EEE7E02133
:102FB0000F4A02432A600F4A22601A688A43F0E7E8
:102FC0004B0AFF1FE0000340D8000340900003407D
:102FD000000003405000034040000340FFFFE3FFB8
:102FE0000280063D804508220180063D8066082259
:102FF0000080069880550822F8B51E4B80261A6876
:10300000002014003440324232D11A681A4F324341
:103010001A6001223B68063093433B6000F0B0FD2C
:103020000122164D2B681E432E603B680A2613436F
:103030003B608027BF00124B1B683B4211D1013E11
:10304000F6B2FF2E09D17E220E4B1C682B68E40BD2
:103050001440934323432B6005E0082000F090FDCB
:10306000E9E7002EEFD180222B68600893432B60A4
:10307000F8BDC046C4F000405CF0004018F00040CD
:1030800068F0004060F0004010B500F009FD01213B
:103090005820034A00F01CFEFFF7AEFF10BDC046EB
:1030A000600AFF1F10B578220021034800F080FD60
:1030B00000F05EFE002010BDC469FF1F10B500F0D7
:1030C00057FE002010BD10B500F052FE002010BDCC
:1030D000F7B504000C20002384460E4D019267468C
:1030E0005F43E85D7E19A04212D000280BD10A4B45
:1030F0009C4662461B7808331370019B70707C55A8
:103100007160B360FEBD01330A2BE8D10320F9E7FB
:103110000720F7E7C469FF1FC069FF1F0020704741
:1031200000207047030010B51F2809D8072200208F
:103130001340072404490A78A24313430B7010BDBF
:1031400000230620F5E7C046C069FF1F034A044973
:10315000136800200B4013607047C0461CF000400D
:10316000FFFFC1FF054B06491B780A6805485B074E
:1031700002401B0B134300200B607047C069FF1F08
:103180001CF00040FFFFC1FF1FB5002102220B0011
:1031900001910091052000F083FE02230B490A688B
:1031A0001A42FCD120230393039B5A1E0392002B47
:1031B000FAD1074A1368002BFCDA0B246C44200078
:1031C000012100F015FD207804B010BD90C800402A
:1031D00000C8004013B504000A4B0193019B002B6B
:1031E00001D1112016BDFFF7CFFF23000340044299
:1031F00005D0052000F0C4FC019B013BEDE7180061
:10320000F0E7C046FFFFFF0707B500F001FC802292
:103210000821D205936A0191002B01D107399162EF
:1032200002210C4A11600199481E01900029FAD12F
:1032300003311160053101910199481E0190002967
:10324000FAD11160002B02D18022D205936200F0E6
:103250008FFC07BD00C00040F0B52D4C89B023782D
:10326000002B4FD1FEF7A8FB02232A4F03903A68A8
:103270001A42FCD120230693069B5A1E0692002B6D
:10328000FAD1254E3368002BFCDA0120FFF7A2FFAC
:10329000011E02D0112009B0F0BD030003220190ED
:1032A000009005AD9F2000F0FBFD0321280000F0F9
:1032B0009FFC02233A681A42FCD120230793079B04
:1032C0005A1E0792002BFAD13368002BFCDA01203A
:1032D000FFF780FF0028DDD10398FEF781FBAA7875
:1032E0006B7811041B020B4329780B4363601300B6
:1032F000113B0A49052B07D801239340A3600B60BB
:10330000012323700020C6E780231B03F6E7C04695
:103310007C41FF1F90C8004000C800409808FF1F74
:103320001E4B30B55A6818781D4B85B0D3185942DA
:103330004B4101210093002300F032FC194B1A4A43
:1033400002259A6300221A6510325A658022C42130
:103350009D65164B1648D202DA6789004258154B14
:1033600080241A4080231B041343435064234120CC
:103370000393E40500F006FA402000F003FA6562CA
:10338000039D6B1E0393002DFAD103236362FFF7A5
:103390003BFFA562FFF760FF05B030BD8841FF1F0E
:1033A00095FFFEF700C80040050001FF04E100E0C2
:1033B00000E100E0FFFF00FFF0B585B00700FEF779
:1033C000FBFA022305002D4C22681A42FCD120236F
:1033D0000093009B5A1E0092002BFAD1284E3368AE
:1033E000002BFCDA0120FFF7F5FE002803D01124A2
:1033F000200005B0F0BD234B2360022322681A424F
:10340000FCD120230193019B5A1E0192002BFAD17B
:103410003368002BFCDA0120FFF7DCFE0028E6D140
:10342000194B1F60022322681A42FCD12023029309
:10343000029B5A1E0292002BFAD13368002BFCDA51
:103440000120FFF7C7FE0028D1D1104B23600223D3
:1034500022681A42FCD120230393039B5A1E039235
:10346000002BFAD13368002BFCDA0120FFF7B2FE03
:10347000041EBCD12800FEF7B3FAB9E790C800409B
:1034800000C8004001000006A8C8004001800001FB
:1034900010B50020FFF790FF10BD000010B5064BDF
:1034A00018705960FFF73CFF00211320034AFFF713
:1034B0000FFE002010BDC0468841FF1F2133FF1FB3
:1034C000F0B5040085B003920291FEF775FA8822E8
:1034D00063035B0B52051A438023DB059D6A80233F
:1034E000274F0092BA68002601901B039A420CD91C
:1034F000F82326001B041E401C4206D08022214BCC
:1035000052025E6219680A431A60002D0BD100F066
:103510007FFA02221C4B1A608023DB055A62013AB3
:103520009A6200F025FB0023039A934220D1002DDC
:103530000AD100F06DFA144B03221D608023DB05D5
:103540005A629D6200F014FB8023BA681B039A4202
:1035500008D9002E06D000220A4B0C495A621A687C
:103560000A401A600198FEF73BFA002005B0F0BD52
:10357000009A0299D2181278CA540133D4E7C0468F
:103580007C41FF1F00C8004000C00040FFFFFEFF5D
:10359000F0B587B0029103920400FEF70DFA019096
:1035A00000F036FA802302250122234EDB05356028
:1035B0005D629A6200F0DCFA204F3B682B42FCD13E
:1035C00020230493049B5A1E0492002BFAD11C4D15
:1035D0002B68002BFCDA0120FFF7FCFD002802D04D
:1035E000112007B0F0BD2000039A029900F0E8FA1C
:1035F000022304003A681A42FCD120230593059B5C
:103600005A1E0592002BFAD12B68002BFCDA012000
:10361000FFF7E0FD051EE3D100F0FAF98023032255
:10362000DB0535605A629D6200F0A2FA0198FEF750
:10363000D7F9E0B2D5E7C04600C0004090C80040CE
:1036400000C80040F0B5802489B00600FEF7B4F948
:10365000E405A36A02250393029000F0D9F901233F
:10366000304F3D606562A36200F082FA2E4C236801
:103670002B42FCD120230593059B5A1E0592002B5B
:10368000FAD12A4D2B68002BFCDA0120FFF7A2FDAE
:10369000002803D01124200009B0F0BD244B236082
:1036A000022322681A42FCD120230693069B5A1E4D
:1036B0000692002BFAD12B68002BFCDA0120FFF7D1
:1036C00089FD021EE6D11B4B03211E600300019001
:1036D0000090202000F0E4FB022322681A42FCD173
:1036E00020230793079B5A1E0792002BFAD12B68C1
:1036F000002BFCDA0320FFF76DFD041ECAD100F099
:1037000087F980230322DB053C605A629C6200F04B
:103710002FFA039B002B01D1FFF776FD0298FEF7ED
:103720005FF9B8E700C0004090C8004000C8004002
:103730000100000694C8004007B500020191042270
:10374000000A01A9FFF724FF0EBD000073B50500B4
:1037500005240B4AA3005B429B1819686B46DE1DCB
:103760003000FFF7A5FB022804D133782B55013C2C
:10377000EFD276BD052CFCD00128FAD10230F8E753
:10378000140900111F2807D8012380228340D20585
:1037900091680B43936070473F2808D8012380222B
:1037A00020388340D20551690B435361F3E75F280A
:1037B000F1D80123802240388340D205116A0B439F
:1037C0001362E8E71F2807D8012280218240C9053B
:1037D0008B6893438B6070473F2808D80122802173
:1037E00020388240C9054B6993434B61F3E75F285A
:1037F000F1D80122802140388240C9050B6A9343E9
:103800000B62E8E71F2810D880230200DB05153A79
:103810001968012A06D820229143196019680A43C1
:103820001A60704701228240F6E73F2811D88023B2
:103830000200DB05353AD968032A06D810229143E5
:10384000D960D9680A43DA60EBE701222038824068
:10385000F5E75F28E5D842238022181A413B8340D0
:10386000D205516A99435162516A0B435362D8E7BA
:1038700010B50400012813D1A022184992050B6845
:103880005B015B0913430B60154B164A1968114025
:10389000154A0A431A60402219680A431A6010BD8B
:1038A0000028FCD101000A2000F092FA21000B2030
:1038B00000F08EFAC0220A4B920019680A43402198
:1038C0001A601A688A431A60B022044912060B680B
:1038D0005B015B0913430B60E1E7C04614F0004055
:1038E0001CF000407F00FEFF80FD010072B6074A19
:1038F0001368013313600422054B1A600023054A44
:1039000013608022D2055360FEE7C0467808FF1F8F
:10391000C0F00040C4F0004005490B68002B05D101
:10392000044A0A6004490A60044A13607047C046AA
:10393000140AFF1F841E0000380AFF1FC4F0004055
:103940000023034A1360034A1360034A136070475D
:1039500054F0004040F1004044F1004002B4714690
:1039600049084900095649008E4402BC7047C046C8
:1039700002B4714649084900095C49008E4402BC02
:103980007047C04603B47146490840004900095ECB
:1039900049008E4403BC704703B471464908400097
:1039A0004900095A49008E4403BC704700000000DA
:1039B00001B40248844601BC604700BFE90B010026
:1039C00001B40248844601BC604700BFE9D400004E
:1039D00001B40248844601BC604700BFA9D800007A
:1039E00001B40248844601BC604700BF75F800007E
:1039F00001B40248844601BC604700BFBD0B010012
:103A000001B40248844601BC604700BF090E0000B3
:103A100001B40248844601BC604700BF75A900009C
:103A200001B40248844601BC604700BF6DF6000047
:103A300001B40248844601BC604700BF6137010001
:103A400001B40248844601BC604700BF85120100F2
:103A500001B40248844601BC604700BFC1A5000014
:103A600001B40248844601BC604700BF19FA000057
:103A700001B40248844601BC604700BF53B900004E
:103A800001B40248844601BC604700BFE94C010014
:103A900001B40248844601BC604700BFC115010063
:103AA00001B40248844601BC604700BFED680100D4
:103AB00001B40248844601BC604700BFF9350100EB
:103AC00001B40248844601BC604700BF2D6C010070
:103AD00001B40248844601BC604700BFF5350100CF
:103AE00001B40248844601BC604700BFDD3F0000CE
:103AF00001B40248844601BC604700BF05340100A0
:103B000001B40248844601BC604700BF8937010008
:103B100001B40248844601BC604700BFB9B8001137
:103B200001B40248844601BC604700BF8B520100CB
:103B300001B40248844601BC604700BFD1AE00001A
:103B400001B40248844601BC604700BF85C1000043
:103B500001B40248844601BC604700BFE512010081
:103B600001B40248844601BC604700BFBD5C01004F
:103B700001B40248844601BC604700BF9DA9000013
:103B800001B40248844601BC604700BF01890000BF
:103B900001B40248844601BC604700BF5976010069
:103BA00001B40248844601BC604700BFC56D0100F6
:103BB00001B40248844601BC604700BFB70E000054
:103BC00001B40248844601BC604700BF9573010000
:103BD00001B40248844601BC604700BFDD0A010011
:103BE00001B40248844601BC604700BF156B010068
:103BF00001B40248844601BC604700BF3D7101002A
:103C000001B40248844601BC604700BFC1F7000010
:103C100001B40248844601BC604700BF791201002C
:103C200001B40248844601BC604700BF691101002D
:103C300001B40248844601BC604700BFC9A9000026
:103C400001B40248844601BC604700BF8D82000079
:103C500001B40248844601BC604700BF4DF9000032
:103C600001B40248844601BC604700BF2144000003
:103C700001B40248844601BC604700BF0D520100F8
:103C800001B40248844601BC604700BFF9ED000062
:103C900001B40248844601BC604700BFC95C010012
:103CA00001B40248844601BC604700BFE917010027
:103CB00001B40248844601BC604700BF51B800000F
:103CC00001B40248844601BC604700BF8552010030
:103CD00001B40248844601BC604700BF016701008F
:103CE00001B40248844601BC604700BF016C01007A
:103CF00001B40248844601BC604700BF71B00000B7
:103D000001B40248844601BC604700BFE9270000B7
:103D100001B40248844601BC604700BFED6B01005E
:103D200001B40248844601BC604700BF6D0B01002E
:103D300001B40248844601BC604700BFB352010091
:103D400001B40248844601BC604700BF11A70000CF
:103D500001B40248844601BC604700BF090E000060
:103D600001B40248844601BC604700BFD9B00000DE
:103D700001B40248844601BC604700BF21A900008D
:103D800001B40248844601BC604700BF7997000037
:103D900001B40248844601BC604700BF8D11010098
:103DA00001B40248844601BC604700BFA1AF0000D7
:103DB00001B40248844601BC604700BFEDA5000085
:103DC00001B40248844601BC604700BF116E000088
:103DD00001B40248844601BC604700BF95A40011AD
:103DE00001B40248844601BC604700BF09340100A9
:103DF00001B40248844601BC604700BF01340100A1
:103E000001B40248844601BC604700BFCD0C0100EC
:103E100001B40248844601BC604700BFE9F60000D7
:103E200001B40248844601BC604700BF8914010008
:103E300001B40248844601BC604700BF9D6A00008F
:103E400001B40248844601BC604700BFF90D01007F
:103E500001B40248844601BC604700BF89440000A9
:103E600001B40248844601BC604700BFD54401004C
:103E700001B40248844601BC604700BF01D700007E
:103E800001B40248844601BC604700BFDD0C01005C
:103E900001B40248844601BC604700BFCD4C01001C
:103EA00001B40248844601BC604700BF496D01006F
:103EB00001B40248844601BC604700BFC1660100EE
:103EC00002000000C2C2001101000000F4BF001196
:103ED00002000000BEC2001101000000003FFF1FF1
:103EE00002000000FCBF0011010000003C60FF1F49
:103EF00002000000BCC2001103000000705FFF1F41
:103F00001200000002000000C2C200110100000007
:103F100040C0001102000000BEC2001101000000FC
:103F20003DC00011020000004AC000110300000063
:103F30000360FF1F02000000BCC20011030000006C
:103F40001860FF1F02000000BEC200110100000047
:103F50003CC000110200000048C000110300000036
:103F6000D95FFF1F02000000BCC200110300000067
:103F7000FA5FFF1F02000000C2C200110100000032
:103F800084C0001102000000BEC200110100000048
:103F90004940FF1F0200000096C000110100000010
:103FA0007CC0001102000000BEC200110100000030
:103FB0004840FF1F0200000094C0001101000000F3
:103FC0002060FF1F02000000BEC2001101000000BF
:103FD0004740FF1F0200000092C0001101000000D6
:103FE0006CC0001102000000BEC200110100000000
:103FF0004640FF1F0200000090C0001101000000B9
:1040000067C0001102000000BEC2001101000000E4
:104010004540FF1F020000008EC00011010000009B
:1040200062C0001102000000BEC2001101000000C9
:104030004440FF1F020000008CC00011010000007E
:104040005CC000110202020202020000DD4B0011FE
:10405000A14B001198BF001190011D00180018001D
:10406000FFFF07010203040506020106000000002D
:104070000000000000000000000000000000000040
:10408000000000000000000003000000000100002C
:1040900000000111FFFF00005048593600000000E9
:1040A0000000000002000000C2C200110100000078
:1040B0000CC2001102000000BEC20011010000008D
:1040C0000541FF1F1000000024C200110200000083
:1040D0000000000002000000BEC20011010000004C
:1040E0000441FF1F1000000014C200110100000075
:1040F000A462FF1F02000000BCC200110300000008
:10410000B862FF1F100C0B000500F0000000B400A7
:104110000028002800283075A000A000A000A00002
:1041200000080008E001F00010001000100010006E
:104130001000100050005000500010001000D00778
:104140000000000000000F000100050030750700AE
:104150001000010081FF00000000FF0081760011C7
:104160008974001119720011FFFF0100FF000000A7
:10417000B9A00011299E0011419D0011000000000E
:104180000000000000000800040000003B000108DF
:104190005902E001FF00000002000000C2C200114D
:1041A0000100000044C3001102000000BEC2001163
:1041B000010000001542FF1F02000000BAC20011FA
:1041C000010000007C6AFF1F02000000BEC2001157
:1041D000010000001442FF1F02000000B8C20011DD
:1041E000010000001242FF1F02000000BEC20011C9
:1041F000010000001042FF1F02000000B6C20011C3
:10420000010000000842FF1F180018001D00900167
:10421000020000030202000002000000C2C20011FE
:104220000100000058C3001102000000BEC20011CE
:10423000010000005842FF1F02000000B4C200113C
:10424000000000000000000002000000BCC20011DD
:0A425000030000009C6AFF1F20FF1E
:040000051FFF184180
:00000001FF
