:020000041101E8
:100100007FB50023284C294D03932800217C284AE1
:1001100001F07DFA002812D103232800217C03AAD4
:1001200001F01CFA00280AD1224B039A9A4206D108
:10013000214B2248E360224B636104B070BD02266C
:10014000217CFE2228001F4B009601F0D9F90028DF
:1001500001D00020F1E71C4BA2899A42F9D1217C01
:10016000FF222800194B009601F0CAF90028F0D1AF
:10017000E389174A934203D1164B17486361DCE7C2
:10018000164A9342E5D1164B164A1B68934206D98C
:10019000C02304222800217C9B0001F01AFA124B94
:1001A00012486361C9E7C046202BFF1F8427FF1F49
:1001B000813700005959530059598320DC960111A9
:1001C000391201112C2BFF1F595900002E2BFF1F34
:1001D00083050000F1110111BC9601118215000088
:1001E000442BFF1F87130000F1120111CC9601115F
:1001F00070B5134D2B7C002B0DD0124C200001F05C
:100200002DF9297C382907D1BA22200001F0D0F934
:10021000200001F061F970BDEB890B4A934206D1D1
:100220009023022220001B0201F0D3F9F0E7074AD5
:100230009342EDD12000064A01F0E9F9E8E7C04613
:10024000202BFF1F8427FF1F830500008320000051
:10025000A2300000002370B51A4E1B4C30006361C1
:10026000637401F0FBF8402323744B2B0CD9CC238F
:100270003821AC2230009B01217401F0AAF900283A
:100280000AD0002525740CE0FFF73AFF051E08D1BF
:10029000237C0433DBB2E7E70C4B0D4D63610D4B60
:1002A000E3812368002B08D1002D06D00C22290001
:1002B000200008F085FF2B7B6374300001F00CF9FF
:1002C00070BDC0468427FF1F202BFF1F8D12011118
:1002D000AC960111AAAAFFFFF7B5164B0192C318FD
:1002E000021D0020009388235B05D3181B685C1C4B
:1002F0001AD09CB2402C18D88D781E0CAC4667469C
:10030000CD782D023D43AE4206D1019800280ED192
:1003100010000C70240A4C7003249BB20733A343D3
:10032000D218009B9A42DED3FEBD4432F9E710009A
:10033000FAE7C046FC0F0000802213B50300032437
:10034000019189B2520107319B18A14304305A1A16
:1003500088235B05C3181B68591C03D19042924146
:10036000104016BD99B2402907D80B000733A343AC
:10037000C0189042ECD30020F3E74430F9E7134B68
:10038000134A1B68126810B5FA24934201D81A0068
:10039000F824104BE4021B689A4210D813000E4A4E
:1003A00012689A420ED3013307D1F823DB029C4234
:1003B00003D10A49054808F0CBFF200010BDFC24FA
:1003C000E402ECE7FE24E402F7E7C04600C00711B0
:1003D00000D0071100E0071100F00711FFFFFF7FB9
:1003E000F0B59BB0150003900491402A5CD806AC90
:1003F00061802280FFF7C3FF002221000600FFF783
:100400006BFF05280FD92388AB420CD1002D07D0F4
:10041000504B2A000399C01808F0AAFE002802D108
:1004200001201BB0F0BD258030000699FFF784FF46
:10043000041E79D1069B0793FFF7A1FF80235B0180
:10044000C618802307001B039E4201D1F826F6023E
:1004500088235B05F31801931B68013302D00198D0
:1004600008F0A6FF3C49019808F072FF3B1D02937B
:10047000331D05938822029B52059B181B68089325
:100480005A1C13D188235B05FF183968019801397C
:1004900008F05EFF380008F08BFF30000799FFF787
:1004A0004BFF0400002C41D10020BAE744219AB24E
:1004B0000091402A04D80320D11D814389B20091C4
:1004C00004991B0C8B4224D0402A22D801223000F0
:1004D00008A9FFF701FF021E1BD1380008A9FFF78A
:1004E000FBFE04000428DDD9009A059B9B1880229E
:1004F0005201B21893422AD288235B05C118009A90
:1005000009A808F05DFE134B009A09A9F01808F03D
:10051000C7FD009A029B9446634402930F4B029AD4
:10052000FB189A42A6D3ADE70428BDD088235B050B
:10053000E018069908F00CFF0323EA1C9A4300D147
:100540006EE7044B0399E01808F0AAFD68E704245D
:10055000ECE7C04604000011FFFFFF7FF80F00002A
:1005600073B504001600402A1ED801AD6980FFF75C
:1005700006FF002229002A80FFF7AEFE042810D9CA
:100580002D88002E0BD0002C09D0321CAE4200D991
:100590002A1C074B92B2C118200008F011FE28B2A5
:1005A00076BDC04300B2FBE703204042F8E7C046F7
:1005B0000400001137B5042204000D0001A81649FB
:1005C000FFF7CEFF020004280BD1019BA34208D302
:1005D000AB4204D0104901A80195FFF701FF0120AB
:1005E0003EBD0E4C23682000019308F0E1FE019906
:1005F00020000139019108F0ABFE80235B01E41873
:10060000074B9C42EED10422034901A80195FFF754
:10061000E7FE0020E4E7C0465555000000C0071182
:100620000000081170B501241C4B90B020001C7014
:1006300006AD08F06DFF200008F0FAFD07F05EFB44
:100640002A00174B43CB43C21B682000136007F0FE
:10065000B5FC099B0799089A0698009407F072FC6C
:10066000802210495200200007F0C0FC16220E49DB
:100670000AA808F0A5FD0A220C4903A808F0A0FD6D
:10068000152220000AA907F0D1FC092203A90120A4
:1006900007F0CCFC064808F063FEF6E74A0AFF1FA5
:1006A000F49501119829FF1FC0950111D6950111EC
:1006B000B80B0000F8B500230926374F374C3B62D2
:1006C000E3681120B343E36008F08AFD112008F0CD
:1006D00047FD112008F054FF402322688025134372
:1006E000236080236268DB0213436360A3682C4AA3
:1006F0002B43A360A36802211340A3608023A26858
:100700009B0113431022A360236C072093432364AF
:10071000236C0F3A1343236480235B003B62226BFC
:10072000204B1A402263626B1A406263A26B1A402C
:10073000A263E26B1340E363E3681B4A1340E36088
:1007400007F0B2F80121072007F0C2F9174B11207A
:100750005A6C15435D6408F0D3FCFD21144B154A17
:1007600089005A508023C720626B5B031343636385
:10077000E36880003343E3600F4B104A195811407F
:10078000802212020A431A50802292051A6008221F
:100790000B4B5A63F8BDC04600F000403CF00040EF
:1007A000FFFFDFFFEFFFEFFFFFFF7FFF003800409D
:1007B0000000FF1F5118FF1F00E100E0FF00FFFFD6
:1007C0000000054010B502F08DFBFFF711FDE120A0
:1007D000C00408F09DFC10BD70B51A4CE388002BD6
:1007E00029D0194A934201D8FFF7ECFF2368E0882B
:1007F000A688C0188023711C89B2144D2060A18086
:100800009B00994218D3420A93B2C21AEB8022602D
:10081000A6800F4A642093420AD8FA220020D20010
:10082000934205D90A21180008F0DAFDC838C0B291
:1008300000232872E38070BD08F08AFC83B2EB804D
:10084000E7E7C046982AFF1F6B070000382BFF1F01
:10085000B70B000030B503A804880B20002C0ED184
:100860004968074D08784978090201430A20A942DE
:1008700005D1012120001980024B1B7A137030BD75
:10088000192A0000382BFF1FF7B5150008AA168893
:100890004A680F4F14785278120222430A24BA424F
:1008A00014D10122DBB2019200962A0008F06AFB03
:1008B000041E0BD1074B1B68002B07D068782A78E1
:1008C0000002104342425041013098472000FEBDD3
:1008D00002290000A82AFF1F30B501250379040072
:1008E000BFB02B4211D00A49408807F0BBFE284216
:1008F0000BD0084B01A95B8D4D800B80064B00226D
:100900001B7A60880B7104F083FD3FB030BDC04698
:10091000A02AFF1F2826FF1F382BFF1F10B50549EF
:10092000054807F055FE0421044A054807F012FE69
:1009300010BDC046A02AFF1FFFFF00000496011152
:100940002826FF1F10B5024805F0E6FB10BDC04683
:10095000D9080111F0B593B005921F00DAB20F2348
:100960009B1ADBB202930E239B1ADBB204931C9BEF
:10097000049A023B5B0806AC199DDB00134303900D
:100980003A000191601C0599237008F019FC2300BE
:1009900000222C000299013B8A4250D1002C00D049
:1009A000BCE0102221000AA80AAE08F031FC330096
:1009B00006A81A78215C01344A401A700133102CC1
:1009C000F7D10AAA1100019808F082FB2022212009
:1009D00006AB9B18049A05991A7006AB3A00C0182A
:1009E00008F0EEFB0EAB781C0021029A181808F0F4
:1009F0000FFC2F21012306AA521813700494002D16
:100A000022D12B0029000EAA0298013A834200D07D
:100A100080E0019806AA0EA908F05AFB06AA3378CE
:100A2000525D0135534033700136102DF6D11C9ABA
:100A30001B980AA908F0C4FB002013B0F0BD0132D6
:100A40001C74D2B2240AA5E72C00102D00D9049CF6
:100A5000039B002B19D106AF1900049A380008F047
:100A6000D7FB22003800189908F0AAFB039B0AAABA
:100A70001178F85C0133414011700132102BF7D12D
:100A80000AAA1100019808F023FB06AF3A0001986A
:100A90000EA908F01DFB0023189AF95CD25C4A40AD
:100AA0001A99CA5401339C42F6D1039B012B19D1E8
:100AB00010220021380008F0ABFB220038001A9900
:100AC00008F07EFB00230AAA06A811781F5C0133F8
:100AD000794011700132102BF7D10AAA1100019848
:100AE00008F0F6FA00221A9B2D1B1B191A93189B6B
:100AF0000EA91B191893029B9A4200D17FE7CB7B6A
:100B000001390133DBB20B74002B00D077E70132DF
:100B1000D2B2F0E701331174DBB275E70120404235
:100B20008BE7000010B5134A134B5179134C197021
:100B3000117920005970D17899709178D9705178D5
:100B4000127819715A712E2252429A712A32DA7130
:100B500045321A720A49313AFFF702FD102808D0CF
:100B60001021200008F0E4FC102220000449FFF7C7
:100B700037FC10BD6509FF1FBC2AFF1FAC2AFF1FF1
:100B80000DBC0000F0B5431805000020114F124ABB
:100B90003E8889B00C00114956720792320A4A7099
:100BA000320ECA7088701E70042639889870090A3F
:100BB0005970D8709B19039301940D230849079A23
:100BC000049602950095FFF7C5FE0834E0B209B01F
:100BD000F0BDC046382BFF1FBC2AFF1FC52AFF1FD0
:100BE000AC2AFF1F012303700B4B1A7A42700222BA
:100BF00082709A78C270DA780271032242711A798F
:100C000082715A79C2710C2202729A794272DB792E
:100C100083720B207047C046382BFF1F11230370CF
:100C2000084B5B7ADB07DB0F43703E238370064B78
:100C3000197BC170597B0171997BDB7B4171837199
:100C400007207047382BFF1F442BFF1F022370B56E
:100C50000370013B43701D4A0533837010330371E9
:100C60001168443B43712A33837104002022080039
:100C7000174B1040DB7C114216D02500213208357D
:100C80002800E271002B0BD0FFF7C8FF07212800D6
:100C9000FFF778FF0430C3B2E3700433D8B270BDFD
:100CA000FFF7A0FF0B21F2E7402220722000E27143
:100CB000084A0A3012886272002B03D0FFF7AEFF99
:100CC0000D23E9E7FFF78EFF1123E5E75C2BFF1FFC
:100CD000442BFF1F382BFF1F10B5142008F0C0FA5B
:100CE000124B14220021186008F092FA002008F03C
:100CF00057FC012008F0DCFB022008F001FC032077
:100D000004F0ACFC042006F0C5FC052003F0E4FE72
:100D1000062004F0B7FB072001F07EFC082007F056
:100D2000F9FB092001F034F910BDC046CC2AFF1FA1
:100D300070B50D7A100004AA2C00168810221440F9
:100D4000154219D1002E19D10A78022A11D14A6808
:100D5000517815780A4A09022943914206D10C229A
:100D600008491A8008F02CFA200070BD1C800A2463
:100D7000FAE71C800124F7E70824F5E70B24F3E7E2
:100D8000F4FF0000F8960111F7B50F7A1D0008ABCB
:100D900016003C001A8820231C401F4228D10B78E3
:100DA000022B27D14B681F785B781B023B43154F02
:100DB000BB4214D0144883421ED1002A1ED1202DDC
:100DC0001ED8C8682A00310008F0FAF90F4B042138
:100DD0001D700F4B187808F03BFA2000FEBD01246F
:100DE000009201943200EBB208F0CCF80400F4E772
:100DF0000824F2E70124F0E70A24EEE70B24ECE7ED
:100E00000D24EAE702290000F4FF0000D02AFF1FAA
:100E1000782BFF1F094B10B50400984205D001291B
:100E200004D12000064907F0D3FB10BD0229FCD1F4
:100E3000013905F02BF90028F3D0F6E7FEFF00009A
:100E4000F22AFF1F10B504000749084807F0C0FB4D
:100E5000074805F09DF80020E40704D50421054A61
:100E6000054807F077FB10BDF22AFF1FFFFF0000C7
:100E7000150E0111489601116C26FF1F10B50B4B82
:100E8000BEB01A780A4902A800F0AEFC01AC80B2EC
:100E90006080002808D0074B00225B8D2100238052
:100EA000054B188804F0B4FA3EB010BDD02AFF1FDD
:100EB000D12AFF1F6C26FF1FA027FF1F332310B569
:100EC000040003700A220C49013008F079F90B4B39
:100ED00013201B681A0AE37222731A0C1B0EA373E9
:100EE000074B6273DA68E273DB681A0A22741A0C21
:100EF0001B0E6274A37410BD382BFF1F682BFF1FDD
:100F0000442BFF1F30B5012503790400BFB02B42ED
:100F100013D00B49408807F0A5FB28420DD0094BA0
:100F200001AD5B8D02A82B80FFF7C8FF13236B80F8
:100F300000222900608804F06BFA3FB030BDC04643
:100F4000F22AFF1F6C26FF1F10B5024805F0E4F8D7
:100F500010BDC046050F011170B51B4EBEB06946ED
:100F6000308804F041FA172822D00023174D01AC35
:100F70006380AB68002B12D0154B02A85B8D2380D9
:100F800002F04EFA80B26080002808D0210030883C
:100F900002F072FB042808D003D800280FD03EB01E
:100FA00070BD072801D01328F9D1EB68013BEB6035
:100FB000084B1E224021187808F07AF8EFE7638882
:100FC000032BD9D8EBE7C046A027FF1FD42DFF1F66
:100FD0006C26FF1F782BFF1F70B5160004AA14881B
:100FE00005AA15784A685078117800022A4A084301
:100FF000801805284BD808F05BF903131E29343FED
:101000000720032C0BD80422121BAA4200D92A0065
:1010100022491A803000091908F0D2F8002070BD6A
:101020000720112CFBD81222121BAA4200D92A0039
:101030001B491A80EEE707200E2CF0D80F22121B56
:10104000AA4200D92A0017491A80E3E70720032C97
:10105000E5D80422121BAA4200D92A0012491A809C
:10106000D8E70720032CDAD80422121BAA4200D9A1
:101070002A000E491A80CDE70720032CCFD804227E
:10108000121BAA4200D92A0009491A80C2E700228D
:101090000A201A80C3E7C046DCD5FFFF8F960111F6
:1010A000FA2AFF1F7F9601117A9601117596011198
:1010B0007096011110B50D21024A034807F04AFA53
:1010C00010BDC04664960111AC26FF1F70B5464A9C
:1010D000464C0023D05E0223E15E0023884210DCF0
:1010E0000225505F88420CDB0425605F0426955F73
:1010F000854206DC0623D55EC60FEB178542734199
:10110000DBB2012004250340607A9B00A84303431F
:1011100063720C23D05E002809D00825535F657ADE
:10112000ED0620D51B1A002806DA8B4206DA1021BC
:10113000637A8B43637201E08B42F8DC0E23D15E4D
:1011400000290BD00423E05E0A25535F657AAD06C3
:101150003ED55B1A002912DA834212DA2021637A23
:101160008B4363720DE01B18002805DA8B42E5DD26
:101170001023617A0B43DDE78B42F9DBDEE7834224
:10118000ECDC3023607A08260340591E8B41012590
:10119000D9B2B043DB0018436072137C2B4203D0FA
:1011A000C1B20907C90F69400220637A4A0083432C
:1011B00013430330637206F047FB062006F054FB2E
:1011C00001250300607A2B40A8431843607270BD6C
:1011D0005B18002905DA8342D3DD2023617A0B43B3
:1011E000BFE78342F9DBCCE70E2BFF1F382BFF1F35
:1011F00037B50F4C01AD04232A00217C00F0AEF975
:10120000002813D12988236849BA89B24B43218920
:101210001B0C5B18074A6988538049BA636889B216
:101220004B4361891B0C5B1893803EBD0120FCE79A
:10123000202BFF1F382BFF1F37B5124C06236A46A1
:10124000217C6D4600F08AF9002818D1298823688E
:1012500049BA89B24B4321890B4A1B0C5B18538056
:101260006B4603335B78E9781B020B435BBA61681A
:101270009BB24B4361891B0C5B1893803EBD0120E0
:10128000FCE7C046202BFF1F382BFF1F73B5164C01
:1012900007236A46217C6D4600F060F9002820D1C2
:1012A0002B787F2B1DD8F023EE781B0332041A40D5
:1012B000AB880E495BBA9BB21A4323683609534385
:1012C00022891B0C9B184B806A78AB7812031B0198
:1012D0001A4363683243534362891B0C9B188B800B
:1012E00076BD0120FCE7C046202BFF1F382BFF1FD7
:1012F000F0B5022785B0154C03AD217C2B000022F0
:101300000097060000F0FCF8002802D0012005B08C
:10131000F0BD0E23217C0122300000976B4400F0C9
:10132000EFF80028F2D129882368C9BA4B432189F4
:101330001B145B18064A6988538049BA636889B2EE
:101340004B4361891B0C5B189380E0E7202BFF1F48
:10135000382BFF1F70B5184C237C002B0FD0382B77
:101360000ED1164D280000F079F8CC23AC222800CD
:10137000217C9B0100F02DF9280000F0ADF870BD34
:10138000E3890F4A934209D10C4D280000F066F81A
:1013900000222800217C00F00BF9EDE7094A934276
:1013A000EDD1064D280000F059F890222800217C4C
:1013B000920100F02CF9DFE7202BFF1F8427FF1F8D
:1013C000830500008320000070B5174C237C002BA0
:1013D00005D1FFF77BFE0124FEF73CFF1DE06369AA
:1013E000002BF6D0114D280000F038F86369280072
:1013F00098470400280000F06FF8002C02D0FFF797
:1014000065FEE9E70A4B0422995E002907DA9C8011
:101410001A8801321A80FFF759FE200070BD054A74
:101420009142F5DD9A80F3E7202BFF1F8427FF1FF1
:10143000382BFF1F0F27000010B58024064AA40098
:101440001168436B234205D113685B1A032BF8D94B
:10145000012010BD0020FCE76008FF1F70B5C179B6
:1014600005000C00631E9C411A4BE402E41849007D
:101470000460C9B2007906F061FBE9796879490036
:101480000131C9B206F05AFBE8790930C0B208F060
:1014900077F80023E36661332360AA795B3B002A77
:1014A0000ED022689A43023B134323600A23E36170
:1014B0000733236200232363A3630133E36370BD17
:1014C00022689A4302231343236046236361063351
:1014D000A361EFE70050004070B5002504000368E9
:1014E000DD66C0790930C0B207F07AFE29002079A4
:1014F00006F0C0FA2900607906F0BCFA70BD000061
:10150000F8B51E0006AB1D78002304681700E366DB
:10151000616007F00DFE01238022E3662B00276146
:101520005200013B08D207F093FF08200A4A1168D5
:10153000002D03D12800F8BD2261F2E7236F03429A
:1015400003D02369013D3370013613685B1A032B06
:10155000EED90125EEE7C0466008FF1F70B51C00FC
:10156000002305681600EB66696007F0E1FD0123C2
:101570008022EB6623005200013B08D207F068FF8F
:1015800008200A4A1168002C03D1200070BD2A618E
:10159000F2E72B6F034203D02B69013C3370013615
:1015A00013685B1A032BEED90124EEE76008FF1FD6
:1015B000002370B504681500E366616007F0B8FDAC
:1015C0000123E366256107F043FF2000FFF734FFA6
:1015D00070BD70B51D00002304681600E3666160ED
:1015E00007F0A6FD0123E36626610F33626B1A4202
:1015F000FCD02B0A23611023626B1A42FCD0EDB29F
:10160000256107F025FF2000FFF716FF70BD0023BE
:1016100070B504681500E366616007F089FD012379
:10162000E3662B0A23611023626B1A42FCD0EDB2F1
:10163000256107F00DFF2000FFF7FEFE70BD70B5BD
:101640001E00002305681400EB66696007F070FD5A
:101650000123A619EB660F33B44205D107F0F8FE5B
:101660002800FFF7E9FE70BD21782961696B1942F6
:10167000FCD00134F0E70000F0B5184A936A916A93
:101680009942FBD116498A689A421FD39A1A8B60F5
:10169000144B4C68186893B2D2024343D20E4243B3
:1016A0001B0A08681B1912029B180024020001275C
:1016B0000D4D4B60561CAB420BD8002C01D01000D6
:1016C0000CC10A4A13600A4B1860F0BD581E821AFA
:1016D000DDE7084A3C009B183200EBE700F00040D1
:1016E000682BFF1F140AFF1F40420F00C8F0004084
:1016F000CCF00040C0BDF0FF70B51E4C23793F2BED
:1017000001D93F2323711C4A13701078C0B207F02F
:10171000FFFD1823194A1A4913801A4A0B801380B7
:101720004B80A0790C3B421C534380221201934210
:101730001ED81A00144D888028801448CB8002805F
:101740006279002A01D101326271237A012B01D81A
:101750000223237253430E480A21584307F040FEE8
:101760000C4D2860E379052B01D81023E37170BD7F
:101770001300DFE75C2BFF1F480AFF1F9E27FF1F98
:101780004429FF1F9C27FF1F9A27FF1F9827FF1F31
:1017900071020000442BFF1F10B50C2202480349C0
:1017A000FEF71EFE10BDC0465C2BFF1FFC0C0000A8
:1017B00010B5C3060BD501F0F7FC0221084B1A78CF
:1017C0008A431A7000225A7000F0B4FC10BDC005A4
:1017D000FCD5044B1A6888235B001A42EDD1EAE776
:1017E000582BFF1F5C2BFF1FF0B5002705000E00D4
:1017F000140085B0BA4217D04A1C0B7800924A7880
:10180000897809021143F27812040A43317903708E
:1018100009061143019103914770BB4207D10C2285
:10182000B54907F0CDFC0C37380005B0F0BD552B9D
:101830001DD1621EB14E0C2A17D8002A0ED037686F
:10184000019B00997B401F00300007F0B9FC380075
:10185000FFF7AEFFFFF750FFFFF79EFF0C223100AE
:10186000681C07F0ADFC0D27DEE70C22E7E7562BDE
:1018700011D1A24CA24B20681A6850402200C2CB62
:10188000C2C2FFF795FFFFF737FFFFF785FF0C2276
:101890002100681CE5E7252B17D1621E994C0C2A04
:1018A00011D8002A08D00099200007F089FC0C22EA
:1018B00020009549FEF794FD13222100681C07F0D3
:1018C0007FFC1427B0E70C22EDE7262B08D18D4CC6
:1018D00013223900200007F09BFCFEF7BBFCEBE76E
:1018E000052B06D106228949013007F069FC06273D
:1018F0009AE7442B17D1621E854C112A11D8002A71
:1019000008D00099200007F05BFC112220008149DB
:10191000FEF766FD11222100681C07F051FC12271A
:1019200082E71122EDE7352B18D1022C30D9B2789D
:10193000737812021A43784B9A600BD01900774AD9
:1019400021CA21C10022042C03D93279F178120274
:101950000A43DA60FFF700FB002765E7362B0BD15F
:10196000022C15D97378122BF6D1B378342BF3D11E
:1019700001F0EEFC022757E7222B00D1E4E033D838
:10198000072B6BD007D8012B00D11CE1062B6CD0A4
:10199000FF236B70EEE7102B00D1F7E0182BF7D187
:1019A0005F4E112C12D110223000009907F0E0FB9D
:1019B00000280BD010220099300007F001FC102203
:1019C00058493000FEF70CFDFFF7ACF8102230004C
:1019D0005449FEF7C5FD02001028D9D13100681C1A
:1019E00007F0EEFB11271FE7712B45D017D8332BDB
:1019F0005DD0602B5FD0232BCAD1042C05D94A4C73
:101A0000019B236007F05CFCA060FFF735FE042219
:101A1000039003A9681C07F0D3FB052704E7722B8A
:101A20003CD0DC2B00D1EEE0DB2B00D00AE1042C13
:101A3000AED9052C00D102E1671F3A000198711D53
:101A400007F0BEFB05223100280007F0B9FB3A0081
:101A50000199681D07F0B4FB2700E5E6122233491F
:101A6000013007F0ADFB1327DEE6082230490130D4
:101A700007F0A6FB0927D7E6012C0BD07178F029D7
:101A800086D82C4C208802F061F82B4B228852001B
:101A9000D35A7EE7274A284B1288F8E7274B012CB8
:101AA00003D072789A70427064E79B7871E7FFF711
:101AB00005FA0700B8E6621E214E062A06D8002A5B
:101AC00005D10120326001F045FB0CE00622962191
:101AD000154B89001B681B485B180099336007F0A1
:101AE0006FFB01F015FA31000622681C0D3107F07A
:101AF00067FB072798E6C046F89601115C2BFF1F8D
:101B0000EC960111202BFF1FF50C00002C2BFF1F62
:101B10000E2BFF1FF51D0000D42DFF1FE42DFF1F0E
:101B2000AC2AFF1F0DBC0000682BFF1FFA2AFF1F05
:101B3000C428FF1FA027FF1F002EFF1F582BFF1FC9
:101B4000B82DFF1FC52DFF1F621E554E554F082A89
:101B500006D8002A05D10120326001F0FBFA0EE020
:101B600008223800009907F02BFB33894E4A934234
:101B700009D04E4A12689B18336001F05FFA0822C0
:101B80003900681C74E701235B42F5E7484E062CD8
:101B900015D906223000009907F0EAFA00280ED085
:101BA00006220099300007F00BFB06224149300065
:101BB000FEF716FC0123404A91780B4393700622EE
:101BC0003100681C93E73D4AA31E0192132B06D8EF
:101BD0007378002B0BD100F049F900F07FF9384BF6
:101BE00001991F78681C7A1E07F0EAFA1CE6013C8E
:101BF00022000099019807F0E3FA32490198A2B255
:101C0000FEF7EEFBE9E7022C00D8C1E673784370DB
:101C1000B37883706B469F88032C05D0033C390052
:101C2000A2B2F01CFEF7DCFB39001022E81CFEF724
:101C300097FCC71C002800DBF6E568709AE61524BF
:101C40001027FFE6DA2B1FD1042C00D8A0E6082CC1
:101C500017D9B37972791B021343F27912041A432C
:101C6000337A1B061343019A1360019B05221B68FC
:101C700031002800039307F0A3FA0422681D03A98A
:101C8000F6E6FE234370F0E7DE2B00D080E6611E0F
:101C9000012C00D160E6009801F00AF95CE6C0462C
:101CA000B82DFF1FBC2DFF1FFFFF0000682BFF1F7B
:101CB0006509FF1FADAC0000582BFF1F592DFF1FFA
:101CC000572DFF1FAEDE000070470000013870B5D1
:101CD000042809D807F0ECFA030928081200234B5E
:101CE0000221187807F0B4FA70BD204B082118784B
:101CF00007F056FB00221E4B1A74F5E780220024E1
:101D00001B4B1A4D52001A8208211A682878DC747D
:101D100007F036FA2100287807F04AFA012000F08F
:101D2000FBFF01F0F5F8DFE7104B0821187807F00A
:101D300037FB1048FEF78AFF0F4B104A9B790020B3
:101D400093800F4A13808022094B5200D8741A8264
:101D500000F0E2FF01F0DCF80A4B9B78002BC3D0C7
:101D6000094A136007F014FABEE7C046782BFF1F3C
:101D7000442BFF1FA927FF1F5C2BFF1F4429FF1FB8
:101D80009A27FF1F582BFF1F34F0004010B5012980
:101D900007D10F2806D18021054B8900187807F05C
:101DA00057FA10BD0628FCD1014B80211878F6E7C0
:101DB000782BFF1F020010B5094B0A32094C92B272
:101DC000DA815A8298811882207802F023FD042259
:101DD000054B012120781A7007F03AFA10BDC04671
:101DE0004E28FF1FA22DFF1FA12DFF1F10B5054B71
:101DF0001B78002B05D02622034B04485A74FFF7AA
:101E0000D9FF10BD7A2DFF1F442BFF1FC40900000E
:101E100010B5002907D10F2806D18021054B890074
:101E2000187807F015FA10BD0628FCD1014B802167
:101E30001878F6E7782BFF1F0300F0B50A4D8E18CF
:101E4000B14202D152008018F0BD0C782F682409ED
:101E50003C5D0F271C700C7801313C402F683C5DC5
:101E60005C700233ECE7C0469427FF1F0D22124B33
:101E700010B51A700C23114C11492370093A033B19
:101E80001048637007F09CF92D2301220E490F487A
:101E9000A371FFF7D1FF01220D49FFF7CDFF01220A
:101EA0000C49FFF7C9FF030000200B49020018701E
:101EB000FEF796FA10BDC046762DFF1F572DFF1F67
:101EC0008F960111592DFF1F6709FF1F5E2DFF1F00
:101ED0006609FF1F6509FF1FAEDE000070B5134CD9
:101EE000142220001249FEF73BFB431E114D132B19
:101EF00019D8AB78002B16D0431C2B7009236B70BC
:101F000000230019037028780B4B01302900C0B260
:101F1000187007F09DF8297822000139C9B2002015
:101F200006F036FA70BDFFF7A1FFECE7592DFF1F51
:101F3000AEDE0000572DFF1F762DFF1F10B5114B91
:101F40001A781870002A0ED000280BD10E4B1A7880
:101F5000062A07D85423D340DB0703D50B4B187848
:101F600002F058FC10BD0028FCD0074B1B78012B59
:101F700002D0033B022BF5D8044B0121187807F05F
:101F800067F9EFE77A2DFF1FA12DFF1FA22DFF1F7D
:101F900070B5524D524C534E2A00210030700F2024
:101FA00005F08AFE2A002100062005F085FE4E4B32
:101FB0000520197C0123194005F08AFD052005F054
:101FC00069FE01F0F1F8FEF745F907F0E1F90322A7
:101FD00046494748FFF730FF2D24030004221C70B8
:101FE00044490130FFF728FF30230470424D434C31
:101FF000437083702E3B062220004149EB87FEF799
:10200000AFFA062813D0200007F0B2F9022809D051
:102010000321200007F08CFA8D23E3706E3B2371BF
:1020200019336371062220003549FEF7D9F9354B83
:102030001B68FC335C64FFF751FFFEF773FD002063
:10204000FFF77CFF304C314A0121314B1278207868
:1020500002F0A2FB207801242E4A00212E4B127898
:1020600002F09AFB64222D4B20211C702C4B5B79D3
:1020700053431A000A32AB81EA812B826A8230789C
:1020800007F076FA0120404206F0CEF901204042E6
:1020900006F06AFAFFF70EF8FEF740FC00F0C6FD06
:1020A00001204042FEF7CEFE200007F009F8F020A4
:1020B00001F030FD2100307807F0CAF8307802F0E6
:1020C00005FD184806F0E4FFFEF7F4FA164B174931
:1020D0009B68174A5B18936070BDC046111E0111C2
:1020E0008D1D0111782BFF1F0E2BFF1FC428FF1F12
:1020F000FA2AFF1F2C2BFF1F4E28FF1F6509FF1F09
:10210000ADAC0000FC2DFF1FA22DFF1FC827FF1F35
:10211000A927FF1F762DFF1F572DFF1F482DFF1FDB
:102120005C2BFF1F7A2BFF1F682BFF1F0000B8FCE2
:10213000442BFF1F8822084B52001B6810B5134028
:10214000103A934206D18021044B054A1878C90001
:1021500006F0AEFF10BDC0465C2BFF1F782BFF1FA3
:1021600060EA0000F8B50A0020230D001A40194269
:1021700000D17BE0B94B1B78002B1DD0FFF77CFA18
:10218000B74CE37C002B4AD1E121B64BA2689B6897
:10219000B54E9A1A89048A4211D3A3600123E374CD
:1021A000F3796374B14C2000FEF750FD210007F075
:1021B00097F95020FFF7FEFD20206840F8BD6168C8
:1021C000727A591AD203914202D36360FEF772FA0F
:1021D000327A217C531EDBB2994205D1FFF7BAF85F
:1021E000002000F0B7FF1AE09142F9D300272774CE
:1021F000FFF7EAF8A37CBB4202D0A774FEF7ECFA23
:10220000012000F0A7FFB37A002B01D001F028F9DC
:10221000964E3000FEF71AFD310007F061F9637C3D
:10222000002B1FD0013BDBB26374002B1AD1E27C80
:10223000002A11D0A27CE374002A02D0A374FEF716
:10224000CBFA8B4A894E1388300001331380FEF796
:10225000FDFC310007F044F9834B5879642358435F
:10226000FFF7A8FD237C01332374A5E70BB2002BF5
:102270000ADA804B187806F0C3FF002801D007F077
:102280009FF88020000298E70224214206D0744B78
:1022900001201A74FFF752FE20008EE70B0723D5AA
:1022A000FFF7EAF96F4B6E496F4C98684A68637A9A
:1022B000821ADB039A4202D34860FEF7FBF9FFF76C
:1022C00083F8FFF747F8012000F044FFA37A002BC2
:1022D00001D001F0C5F800F0C3FC2368DB0701D58D
:1022E000FEF732FE082068E71026314209D0FEF7DB
:1022F00073FA5A4B1B78002B01D1FEF723FB1020F9
:102300005BE70124214209D05B4800F049F907F05E
:10231000AFF800F023FEFFF70DFFBDE70B0640D539
:10232000062005F0A1FA524B5A7A110021400028EC
:1023300029D02243002929D14949CA680132CA60FB
:1023400001210200587A0A4088431043434A5872D8
:1023500012784548002A1CD01A88444C52181A801A
:102360003F4BD974C27945495A743E4A200092685D
:1023700052189A60FEF76AFC210007F0B1F850206D
:10238000FFF718FD03E00029DAD1A2435A7280203A
:1023900013E703680B42FAD0FFF76EF9FEF7D4FD9E
:1023A000F5E74B0532D53048016831420BD1344C4A
:1023B0006378002B0AD1C90505D52278023313436F
:1023C000237000F08FFD8020C000F6E6012B14D1B1
:1023D00040224A400260920702D5227813432370BC
:1023E000012000F0B7FE022380216370214B254AB3
:1023F0001878C90006F05CFEE5E70323012263704C
:10240000214B52421A6000F0BFFDDCE78B0565D519
:102410000F2005F029FA144C23681E40002837D1FC
:10242000002E0DD1164ADB050DD5022113780B4283
:1024300009D08B43137000F0B7FE012000F08AFE34
:1024400080208000B9E6012353700A4B0F4A1878A8
:102450008021C90006F02CFEF2E7C0467A2DFF1F4E
:10246000442BFF1F682BFF1F5C2BFF1FA927FF1F9B
:10247000382BFF1F782BFF1F8C27FF1F000082FCCB
:10248000582BFF1F10270000B82DFF1FB80B0000AE
:10249000002E20D18021194EC900307806F080FF2F
:1024A000174F7B78012B09D1FFF7A0FC00237B702D
:1024B0002368DB05C4D53078124AC9E7022B02D164
:1024C000FFF76AF9F2E7032BF0D101220E4B1A60F5
:1024D00006F05EFEEAE7FFF789FCB1E740242142FF
:1024E00002D0FEF739FDD7E604240800204021423F
:1024F00000D163E6FEF7C2FCCEE6C046782BFF1F94
:10250000582BFF1F60EA000034F00040F0B51A4B72
:102510001A4F1B883A880400194E1A4D85B09A420A
:102520000DD832889A420AD3174B1A882B889A42C0
:1025300005D1164A164B12881B889A421AD00520DC
:1025400001F03EFB3B8802A90B80338801904B8051
:102550002B88104D8B800E4B2A781B88CB800E4B1E
:10256000188803F05FF80D4B08212878019A1C7039
:1025700006F09EFD05B0F0BD462DFF1F9E27FF1FF4
:102580009C27FF1F9A27FF1F442DFF1F422DFF1F6F
:102590009827FF1FA22DFF1FA027FF1F402DFF1F01
:1025A00013B50C4B1C78002C11D1002801D00A4B1C
:1025B00018600A4A0A4B11780A4A10780A4A0192AE
:1025C0000A4A0092002205F0DBFD200016BD11240E
:1025D000FBE7C046A12DFF1F3C2DFF1FA02DFF1FB5
:1025E000902DFF1FA22DFF1F7C2DFF1F802DFF1F91
:1025F00010B5064B12201B78052B06D1044B132275
:102600001988044B187801F0B7FC10BDA12DFF1FED
:10261000A027FF1FA22DFF1F10B500240122114B80
:1026200052421870104B1C70104B1A8002F04EFA78
:1026300004220F4B21001A700E480C3206F070FF76
:10264000102221000C4806F06BFF07220B4B1C6088
:102650000B4B1C700B4B1C700B4B1A700B4B1C70F4
:1026600010BDC046A22DFF1FA12DFF1FA027FF1FD9
:10267000A02DFF1F902DFF1F802DFF1F7C2DFF1F02
:10268000562DFF1F552DFF1FA227FF1F542DFF1F83
:10269000F8B5174C0600257806A814240078052DF7
:1026A00023D1B41F134FA5B21824BD421DD88D1FCE
:1026B000ADB2BD4219D8FA256D00AA4215D21D004F
:1026C0000D4F0A3DADB2BD420FD80C4C26800C4CCC
:1026D00021800C4900240A800B4A1380FFF716FF63
:1026E0000A4B0421187806F05BFE2000F8BDC046B6
:1026F000A12DFF1F790C0000750C00009E27FF1F05
:102700009C27FF1F9A27FF1F9827FF1FA22DFF1F3F
:10271000F0B50BB20D0089B0002B00DB70E1A44EC8
:10272000307806F06DFD041E50D00378A22B00D146
:1027300022E1D02B1AD0912B45D143780E2B42D1D8
:102740009C4B82889A423ED19B4B1B78052B3AD1F9
:102750008368032018567F2835D0984B1B68002BC0
:1027600031D05B68002B2ED098472CE0807807286A
:1027700029D806F09DFD0428183F3F74A8D8637837
:10278000002B0CD101218C4B19708D4B1A78002A2B
:102790005BD08C4B307801F0FFFF002855D007222A
:1027A000854B1A7051E061780029F8D1E378002B4D
:1027B00011D0854A854B1278307801F0EDFF6070BA
:1027C0006378002BEBD1200006F0FAFD8020000298
:1027D000684009B0F0BD784B1B78022BF3D0012183
:1027E000307806F045FC0028EAD10121307806F067
:1027F0002FFDE5E76378002BD1D16F4F032807D178
:102800003B78052B02D101333B701EE00223FBE72E
:102810006F4B1A886F4B0293002A0BD01B78002B4A
:1028200003D00121307806F043FC3B78062B04D11D
:10283000013BE9E7029B1A70F7E7042B41D1012124
:10284000029B3078197006F003FD5C4B1B68002B6F
:10285000B9D01B68002BB6D0574A107884E763784C
:10286000554F002B27D10622211D5B4806F0A8FCFE
:1028700062895A4B5A491A80A2895A4B1A80E389B5
:102880000B800521397058490A80584A1380228AE2
:10289000574B1A80574B1B78012B09D11F2001F091
:1028A0008FF9FA22920042430421307806F000FCAE
:1028B0000022484B75E7312B00D070E70022454BD2
:1028C0001A700323A0E706220021434806F028FEE1
:1028D0000023454A04211380444A30781380444A37
:1028E000138006F05DFD0821307806F059FDA379CC
:1028F000083B5A425341304A03331370304B1B7824
:10290000002B06D0334B30781A78002A06D001F01D
:1029100081FF0122314B52421A8096E70121197042
:1029200006F096FCF5E70821307806F039FD63786B
:10293000002B00D047E72C4B2D4F0293E388029ADF
:1029400004211380294B307803932389039A138041
:1029500063893B8006F08CFB002800D033E7264BD0
:102960001B68002B00D12EE7039902983A8809884A
:1029700000881B68984726E74379132B00D022E78D
:102980000389012B0AD11D4B1B78022B06D108218C
:10299000307806F005FDFFF72BFE14E7052001F067
:1029A0000FF908210200307806F082FB0BE7C046E1
:1029B000A22DFF1F05140000A12DFF1F3C2DFF1F9E
:1029C000C827FF1FA927FF1F762DFF1F572DFF1FA9
:1029D000782DFF1F7A2DFF1F492DFF1FA027FF1FF6
:1029E000502DFF1F522DFF1F462DFF1F442DFF1F8F
:1029F000422DFF1F482DFF1F382DFF1F402DFF1FA9
:102A00008020C001014200D0E2E6CB0731D5324B35
:102A10001B78002B1DD0314E05AC3378052B1AD115
:102A2000023B23702E4B21001B7823722D4B1B7809
:102A300063722D4B187801F053FE002809D007204F
:102A40002A4B30701B68002B03D01B68002B00D072
:102A500098470120BCE60E20254B06221B7825490D
:102A60002370254B1B78637002ABC01806F0A8FBDF
:102A7000D8E7022308001840194209D0174B1B78E9
:102A8000052B03D11D4B188806F0FAFA02209FE6A9
:102A90000424214203D0FFF739FD200098E60823E3
:102AA00008001840194200D193E6154B1C78012C00
:102AB00003D0022C0DD008208AE6124B124A13498B
:102AC00013481B881288098800880094FFF7E0FDEE
:102AD000F1E7FFF78DFDEEE77A2DFF1FA12DFF1F18
:102AE000A227FF1F542DFF1FA22DFF1F3C2DFF1FEC
:102AF000562DFF1FA327FF1F552DFF1FA027FF1FC8
:102B0000402DFF1F9827FF1F9A27FF1F9C27FF1F9D
:102B10009E27FF1F10B502A804880B20002C10D19F
:102B2000496808784978090201430C48814209D173
:102B3000022119800A4B59881170DB7800205BB2A2
:102B4000537010BD074C0A20A142FAD1022119800E
:102B5000034B998811705B79F0E7C0466E2A00003C
:102B6000382BFF1F6F2A0000F7B5150008AA16883A
:102B70004A680F4F14785278120222430A24BA424C
:102B800014D10122DBB2019200962A0006F0FAF974
:102B9000041E0BD1074B1B68002B07D068782A78DE
:102BA0000002104342425041013098472000FEBDD0
:102BB00002290000B42DFF1F30B501250379040060
:102BC000BFB02B4225D01449408805F04BFD284268
:102BD0000CD0124B01A95B8D60880B8002234B80C7
:102BE0000F4B00225B888B8002F012FC0D4960883D
:102BF00005F038FDC0070CD50B4B01A91B8800223E
:102C00000B8002234B80064B9B888B80608802F0F0
:102C1000FFFB3FB030BDC046AC2DFF1FCC27FF1FD0
:102C2000382BFF1FA42DFF1F2628FF1F10B50749B3
:102C3000074805F0CDFC0749054805F0C9FC072108
:102C4000054A064805F086FC10BDC046AC2DFF1FA6
:102C5000FFFF0000A42DFF1F04970111CC27FF1FC9
:102C600010B5024803F058FA10BDC046B92B011147
:102C70000E21054B01405A7C0A435A740F2290439F
:102C80009A7C02439A747047B82DFF1F0E21054BA2
:102C900001409A7C0A439A740F2290435A7C024363
:102CA0005A747047B82DFF1F30B50C4B0122DD7BE5
:102CB000302429009143D973197CA14304001440A6
:102CC000640121431974810701D52A43DA7340074F
:102CD00003D51022197C0A431A7430BDB82DFF1F8A
:102CE00030B50C4C0822237C19009143C50701D54F
:102CF0001A43110004220B009343850701D50B00F2
:102D00001343104203D080221343237430BD7F222B
:102D10001340FAE7B82DFF1F10B5054B0124997C2D
:102D20000A00A243002801D022000A439A7410BD71
:102D3000B82DFF1F10B5054B4024197C0A00A24393
:102D4000002801D022000A431A7410BDB82DFF1FBD
:102D5000F8B50123364C0500E27B217C1A40E27372
:102D60000A009A4300202274FA226073A073D200F2
:102D7000954204DB6D3363734E3BA373F8BD2D4A5C
:102D8000954203DA702363733A3BF6E7AAB22A4E00
:102D90001700B4465F37BFB2284E67451CD9002DD7
:102DA00003DA52420B4315B22374681D0A2100B2A4
:102DB00006F016FB224B07B29D4227DC3D000A219C
:102DC000280006F00DFB0A2100B206F051FA09B204
:102DD000735CA27B134309E0A373002D0FDA524208
:102DE0000B4315B223740023092DE8DCA3730A21D9
:102DF000280006F03DFA09B2735CE373BEE7FA22DD
:102E00002074920095420FDB63732F006421380019
:102E100006F0E6FA0A2100B206F02AFA09B2627B4D
:102E2000735C13436373C9E7632DDCDDEDE7C046D4
:102E3000B82DFF1F31F8FFFF2A0800002B97011162
:102E4000E2030000184B70B5597401219A7C04000C
:102E50000A409A74632806DD6E20FFF717FF2020D2
:102E6000FFF706FF70BD0100093104DA7020FFF79B
:102E70000DFF3620F4E70D4D00280BDA0421444203
:102E80000A4324B29A740A21200006F0F1F909B22B
:102E9000685CE5E70928F6DD0A2106F0A1FA00B230
:102EA000285CFFF7F3FEEEE7B82DFF1F2B9701110B
:102EB000F8B50A4F05003B7B0E00002B0CD0084CE8
:102EC0002000FEF7CBFA33002A002000397BFEF702
:102ED000B6FB2000FEF700FBF8BDC046B82DFF1F73
:102EE0004028FF1F10B5084B1B7B002B0BD0074C55
:102EF0002000FEF7B3FAD0223E212000FEF758FB57
:102F00002000FEF7E9FA10BDB82DFF1F4028FF1F73
:102F100070B50D4B1B7B002B15D00C4B1B68DB06D3
:102F200011D40B4D0B4C06222900200006F020F98D
:102F3000002808D029000622200006F041F90721C8
:102F40000548FFF7B5FF70BDB82DFF1F5C2BFF1FB5
:102F5000C52DFF1FCC2DFF1FCB2DFF1FEE22084BD1
:102F600010B55A73074ABC20DA8100221A829A747B
:102F7000FFF78CFE0A20FFF77BFEFFF7C9FF10BDAD
:102F8000B82DFF1FECECFFFF2422084B10B55A733D
:102F9000074AF420DA8100221A74FFF777FE7420C2
:102FA000FFF766FEFFF7B4FF10BDC046B82DFF1F48
:102FB000F4D6FFFFF8B51E4B3C21186806F0C8F8A0
:102FC0003C21040006F06CFA20000E003C2106F0C3
:102FD000BFF8182106F064FA0F000A21380006F045
:102FE000B7F8144D144C2B5C0A213800637306F0BB
:102FF00057FA6B5C40210022A373237CE2730B40E1
:103000002374A37C627401321340A37430003639F8
:1030100006F09EF8285CFFF739FE30000A2106F022
:103020003FFA685CFFF724FEFFF772FFF8BDC04669
:10303000682BFF1F2B970111B82DFF1F10B50E4CE9
:103040000423E05EFFF784FEA17A0623E05E090711
:10305000C90FFFF7F7FEA07AC006C00FFFF76AFEA0
:10306000A07A4007400FFFF73BFEA07A4009FFF728
:103070001BFEFFF74DFF10BDB82DFF1F70B5314B84
:10308000314C1D680223E05E6B0641D509233221D5
:10309000584306F0A5F94130FF3000B2FFF758FE63
:1030A0000520FFF701FE0422A35E284A6320934215
:1030B00005DC32331800642106F092F900B20121D8
:1030C000FFF7C0FE13220020237A9A424041C0B28B
:1030D000FFF730FE08212800042308401D4228D0B5
:1030E000627A1340002821D00A40002B19D0012019
:1030F000002A00D00520FFF7F3FD154B187805389E
:1031000043425841C0B2FFF707FEFFF701FF70BD11
:103110000A21053006F064F900B2FFF719FE03201A
:10312000BFE70220002AE6D00620E4E7002BE1D129
:10313000FAE7002803D0637A07200B42DBD1002096
:10314000D9E7C0465C2BFF1F382BFF1FDD26000090
:10315000A12DFF1F104B10B51B68DA0615D40F49BF
:103160000F4A0968126891420FD39B070ED50121BF
:103170000C000C480378DA07D20F94438B432343A7
:1031800003708A4204D0FFF715FF10BD0028FCD061
:10319000FFF774FFF9E7C0465C2BFF1F682BFF1F8A
:1031A000B82DFF1F582BFF1F70B50025144C2000B1
:1031B000A571FEF753F90D233E212000114AFEF7B9
:1031C0003EFAA8420FD1104B1B68DA0605D4DB0586
:1031D00008D50E4B1B789B0704D5D0223E2120003A
:1031E000FEF7E6F93E250A4E20003573FEF774F926
:1031F0000B23062200210748F37406F009F870BD7E
:103200004028FF1F1E9701115C2BFF1F582BFF1F2B
:10321000B82DFF1FCC2DFF1F882370B5040B5B0555
:103220002403E518280006F0C3F82800044906F036
:103230008FF80022034B06341C605A6070BDC046F4
:10324000DEC0AA55E42DFF1F13B500236A46000B0C
:10325000D3800D4B0403E0186B460222991D05F044
:103260001FFF80235B01F822E018C023D2029B02DB
:10327000904204D2984203D2F620C00200E0180027
:10328000FFF7CAFF13BDC0460400001110B50028A7
:103290000AD0064C2368002B06D18023DB00206077
:1032A000636006F00DF8A06010BDC046682BFF1FDC
:1032B000F0B50023C024F827224E87B0A402736023
:1032C000FF02882304AD5B050622E118280005F003
:1032D00077FF1D4B049A9A4205D02000FFF79CFF10
:1032E00020E0019CEDE780235B01E3180193AA88AD
:1032F000164B9A4220D10027A51D019B9D4203D366
:103300002000FFF7A1FF0AE088235B05E9180422EB
:1033100003A805F055FF039B5A1C05D13560380002
:10332000FFF7B4FF07B0F0BD9F4200D21F007368E3
:103330000A3501337360E0E7019BBB42D1D1C02065
:103340008002CBE7E42DFF1FDEC0AA55FFFF00007F
:1033500000220B4B10B50B4C5A600B4B22689A4263
:1033600002D1200006F024F880235B01E418074B0B
:103370009C42F2D1C0208002FFF74EFF10BDC04634
:10338000E42DFF1F00100311DEC0AA5500C0071175
:103390001F4BF7B51C685B68240B0D0024038342A8
:1033A00034D2C61A1B4BE418C0239B029C4201D2A4
:1033B000F624E402CD23C0225B0092029E421CD27E
:1033C00088235B050622E118684605F0F9FE124BDA
:1033D000009A6F4600209A420ED1BB8883420BD1DF
:1033E0009A23FF339B1B0A2253430C49280064187D
:1033F000191905F0E5FE0120FEBD06499A3E641844
:10340000FF3E9442DAD2F624E402D7E71B1AEAE739
:10341000D42DFF1F00F0FFFFDEC0AA5506000011EB
:10342000352370B50D4D03700400E868AB680130BA
:10343000E860984205D9002303206370A370AB6055
:1034400070BDE11CFFF7A4FF0028F4D0EB680D204D
:103450006370EB681B0AA370F2E7C046D42DFF1F10
:10346000F0B52D4B87B09A7A2C4B0221585E04217F
:103470005E5ED988012A24D103AB9880DE80198151
:10348000274B284D1B682C680393002C02D1FFF7B3
:103490000FFF2C6888235B050A22E01803A905F0BA
:1034A000FFFDCC226B6828685200934205D280222F
:1034B0000A3444405201944228D3FFF7C5FE07B0B6
:1034C000F0BD194C6368E568C018A3680135F618AB
:1034D00023686060CB18A66001932360E560954285
:1034E000EDD3290005F07CFF03AF2900B880300040
:1034F00005F02EFE2900F880019805F029FE102223
:1035000038810021200005F083FEB9E701330A303D
:103510006B602860D3E7C0465C2BFF1F382BFF1F72
:10352000682BFF1FE42DFF1FEC2DFF1F10B5034C70
:103530000B000122210000F06BFA10BDED360111E5
:103540000B8870B506000D000224162B11D92B0034
:103550000322094900F05CFA041E0AD1074B2A88AD
:103560001B88191C934200D9111C300089B200F04D
:10357000EDFA200070BDC04619370111022EFF1F61
:1035800010B54A780400013A0B000220012A07D83E
:103590000A78002A04D005222000024900F038FAF7
:1035A00010BDC046473701110A7810B50B00040062
:1035B0000220002A04D007222000024900F028FA45
:1035C00010BDC046F33701110A7810B50B00040096
:1035D0000220002A04D009222000024900F018FA33
:1035E00010BDC0465938011110B5034C0B000B2219
:1035F000210000F00DFA10BD8938011110B5034CFF
:103600000B000D22210000F003FA10BDFB38011160
:1036100010B5034C0B000F22210000F0F9F910BD8A
:10362000553901110A7810B50B0004000220002A58
:1036300004D011222000024900F0EAF910BDC04672
:1036400065390111002310B51322190000F0E0F9CB
:1036500010BD000010B5034C0B001722210000F034
:10366000D7F910BDB7390111002310B5192219007F
:1036700000F0CEF910BD000010B5034C0B001B226A
:10368000210000F0C5F910BDF1390111F7B58489A9
:103690000D0006000121002C22D000238268D356A1
:1036A0001778002B1EDA0C2C1AD90C3CA4B2131973
:1036B00040880093230002F090FE431E98410130A1
:1036C0007B06DB0F6B703F23013C1F40A4B22870C8
:1036D000AF70AC80002C07D0B3680133AB60002121
:1036E0000800FEBD0020EBE7AC60F8E70B78037044
:1036F0004B8843704B881B0A83700B79C37004207E
:1037000070470420022B06D10020537811781B0249
:10371000009A0B43138070470B8803700B881B0AB9
:103720004370022070470420009983420AD15378E5
:1037300010781B0203430B80D37890781B0203435D
:1037400000204B807047F8B50D004B780124002114
:10375000461C03702B788B4201D82000F8BD6B7893
:10376000B01C4F1C012B10D1890069184B88022214
:1037700033704B88B9001B0A7370691805F050FE4E
:1037800004360434A4B2F9B2E4E7122359436B18A7
:103790005A88043132705B8810221B0A73706918D2
:1037A00005F03EFE12361234ECE770B5049D1400AD
:1037B0001E00052B01D8042070BD637812781B020F
:1037C00013432B80E378A2781B02134302226B8001
:1037D0002A71211D681D063E05F022FEB2B22A8123
:1037E000E92AE8D82800A11D0A3005F019FE0020BA
:1037F000E2E7002310B50A789A4201D8900010BD84
:103800009A008A185488013304705488DBB2240A61
:103810004470948884709288120AC2700430EAE777
:1038200010B51100029C062B04D004201022142B8A
:1038300001D010BD022222714B7808781B0203438D
:103840002380CB7888781B02034363800431601D9A
:1038500005F0E6FD0020ECE710B50C788B7804311C
:103860005C43E4B203702200013005F0D9FD601C16
:1038700010BD0420022B06D10020537811781B02C2
:10388000009A0B431380704710B50C000A88023170
:1038900005F0C6FD208810BD70B504000D00049829
:1038A0001100012B01D8042070BD16785278120245
:1038B000324302800200F13255701470E125002C71
:1038C00000D10C35023B9AB24280AA42EBD80231B9
:1038D000043005F0A5FD0020E6E7042000998342AE
:1038E0000AD1537810781B0203430B80D378907869
:1038F0001B02034300204B80704710B50C000A8860
:10390000023105F08DFD208810BD000070B5012149
:103910001E000420049C0E400B4218D1CB40DDB2A7
:103920008D4214D90A49DBB2098899420FD323008A
:10393000EE331D703300580011184978165C0902E7
:10394000314301332152D9B28D42F4D8002070BDE9
:103950004828FF1F10B50C000A88023105F060FDF1
:10396000208810BD10B50C788B7804315C43E4B22C
:1039700003702200013005F053FD601C10BD10B52E
:1039800011000298032B01D8042010BD147852783E
:10399000043B120222430280CA788C78120222432E
:1039A00042809AB28280EB2AEED80431063005F0CC
:1039B00037FD0020E9E710B50C000B8803700B8879
:1039C0001B0A43704B8883704B881B0AC3708A881C
:1039D0000430063105F024FDA088043080B210BD0B
:1039E0000420012B03D100201378009A1370704734
:1039F00010B50C000B8803700B881B0A43704A88B3
:103A00000230043105F00CFD6088023080B210BD38
:103A1000F0B589B003931D4B029242000700D05AC3
:103A2000019102F022F81325061E2CD0029B0124DE
:103A30000370019B002B04D00019039998470019CB
:103A400084B26B461B7A5BB2002B0FDA1021380070
:103A500002F01CFB1925002812D130003219E1B206
:103A600002F070FC051E0BD10C34A4B2042305A98E
:103A700038000B800C814E6001F0B2FD051E02D0B3
:103A8000300005F025FC280009B0F0BD002EFF1F16
:103A900070B505000C0000280CD00020814209D030
:103AA00010222000044905F0BBFC01202B78237371
:103AB0006B78637370BDC0463B970111F0B506008B
:103AC0000D0017001C0085B002291BD00020102912
:103AD00007D1022B07D0102B03D115E00020102CAA
:103AE00008D005B0F0BD69463800FFF7D1FF2A00C5
:103AF00069460BE069463000FFF7CAFF22006946BD
:103B0000380004E0022BE9D12A003900300005F02A
:103B10007FFCE6E7031CF02800D9F02303200849C6
:103B20009AB2013A0B80D317034006499B189B10A9
:103B30000B80D30F04499B185B100B807047C04665
:103B40004C28FF1F4A28FF1F4828FF1F034B1B88D4
:103B50008B4202D3024B4000C15270474C28FF1FDA
:103B6000002EFF1F014B4000185A7047002EFF1F08
:103B70001722014B1A807047002EFF1F70B50500F9
:103B80000E2005F06DFA041E13D0D023037000231D
:103B90000622837007494570033005F041FC064B4F
:103BA0002100DA8A62811B7E2373044B187805F0AA
:103BB000FFFC70BD1C2EFF1F0C2EFF1F9C28FF1F3B
:103BC000262803D8024B4000C05A70470148FCE742
:103BD0004E28FF1FFFFF000070B506000C00094DC6
:103BE0001C220021280005F09BFC074B1E70074B90
:103BF0001C7005F0ADFC0123002801D00023122029
:103C00002B7070BD0C2EFF1F9C28FF1F2D2EFF1F39
:103C100070B505000D4C0800E260A1601022002183
:103C2000656005F055FC012803D11021A06802F061
:103C300061FD10220021280005F04AFC012803D173
:103C40001021606802F056FD70BDC0460C2EFF1FAB
:103C500070B5041E05D1002903D006220D4805F0D9
:103C6000DFFB0D4B1D78012D11D1002C05D1022257
:103C70001A7005F0ADFA280070BD00221A70074BCB
:103C80001B78FF2BF7D02000FFF778FFF3E7002524
:103C9000F1E7C0461C2EFF1F0C2EFF1F9C28FF1FA4
:103CA000030010B5002801D1002010BD00780B4A98
:103CB000002803D15988D1821B7913761378022BFF
:103CC000F2D10023984200D103331370044B1B78C8
:103CD000FF2B01D0FFF752FF0120E6E70C2EFF1F5C
:103CE0009C28FF1F002911D000280CD04B790128F7
:103CF00003D140225242134303E03F2213400328E2
:103D000002D001204B7170474022F4E70800FAE727
:103D100070B5094D0100287800280BD0074C062209
:103D2000200005F07DFB21002878FFF7DBFF200055
:103D300005F0C6FB70BDC0462C2EFF1F062EFF1FD0
:103D400000290AD0012808D13F224B799343C02B88
:103D500003D0403B5A425341981C704770B5174DF1
:103D600006002B78FF2B15D00A2005F079F9041EE8
:103D700010D0D0230370C83B8370114B11491B78BE
:103D80004670C3700622043005F04AFB21002878F3
:103D900005F00EFC0C4B1B78012B0DD10B4B1B6857
:103DA000002B03D09B68002B00D09847084B0421C0
:103DB0001878084A05F0E4F970BDC0469C28FF1F3A
:103DC0002C2EFF1F062EFF1F282EFF1F542EFF1F15
:103DD000582EFF1F60EA0000014B98687047C046EC
:103DE0000C2EFF1F014BDB68186870470C2EFF1F5D
:103DF000074B10B5DA68136801331360054B187868
:103E0000FF2803D08021C90105F022FA10BDC04669
:103E10000C2EFF1F9C28FF1FF7B50E0002F0CAF8FA
:103E2000051E1CD00E4B06621F78002F00D10778AC
:103E3000AB791020019305F013F9041E0FD0D023A5
:103E40000380C73B8370019BE91DC37006220430C9
:103E500005F0E6FA21003800E66005F0A9FBF7BDA1
:103E60009A28FF1F014B18787047C0462C2EFF1F61
:103E7000054B002805D1054B1A78054B002A00D1C7
:103E8000014B18007047C0461C2EFF1F2C2EFF1F31
:103E9000062EFF1F014B58687047C0460C2EFF1FAF
:103EA000024B1868431E9841C0B27047302EFF1F66
:103EB000421E03000120152A03D9FF3B5A425341F9
:103EC000D8B27047F0B51C0000230E0085B00390F7
:103ED00002920B70029A934201D3002019E0E55C34
:103EE0005A1CD2B2002DF8D0029851198142F4DC4C
:103EF0000233DFB2A35C18000193FFF7D9FF00285B
:103F000007D0013D019A0399EBB233708A4202D186
:103F1000E01905B0F0BDDB19DBB2DBE710B50C0032
:103F200002F0A0F803001220002B03D021005888D3
:103F300005F04EFA10BD000070B50E4D84006359B7
:103F4000002B15D0186A002801D005F019FA2B595A
:103F5000586A002801D005F013FA2B59986A0028F6
:103F600001D005F00DFA285905F00AFA00232B516B
:103F700070BDC0463C2EFF1F1C4B70B504000E00E8
:103F8000150099420AD11A4B1B68002B01D112204F
:103F900070BD1B68002BFAD09847F9E7154B994282
:103FA00015D1134B1B68002B0AD01B68002B07D0C0
:103FB0009847002804D1104B1C70104B1D70E7E788
:103FC00029002000FFF7AAFF0028E1D1F3E708004D
:103FD00001F0F0FF0028DAD003780320A342D7D104
:103FE0002900300005F0F4F9D2E7C046FEFF0000DA
:103FF000382EFF1FFFFF0000352EFF1F342EFF1F3E
:10400000F7B50400808801F0D5FF0025A84203D051
:104010000578A08802F00AF81C4E3378002B1FD0D8
:10402000AB421DD11A4B28001978FFF777FF002803
:1040300018D000233370A3790820A778A6880193AD
:1040400005F00EF8011E0DD0D0230370CA3B83701B
:10405000019B477086808371280005F0A9FA01E072
:10406000002DE8D1A0880B4B8200D358002B01D043
:10407000FFF762FF1721A088FFF768FDA08801F015
:104080002BFDA08801F002FEF7BDC046352EFF1FB4
:10409000342EFF1F3C2EFF1FF0B587B01D000CAB68
:1040A0001B88070001930DAB1B88142002930EABF5
:1040B0001B88160003930FAB1B880091049310AB71
:1040C0001B88059304F0CCFF041E1AD0D023037084
:1040D000CB3B47708370C670062229000430002D48
:1040E00011D005F09DF9019B21006381029B00988E
:1040F000A381039BE381049B2382059BA37405F0AA
:1041000057FA07B0F0BD05F00BFAECE7F7B50093EE
:1041100008AB1B8807000C200D001600019304F06B
:104120009FFF041E13D0280001F044FF00280FD089
:104130000078D0232370C93BA370009B210023810A
:10414000019B6770A580E680638105F031FAF7BDB9
:10415000014B1878EDE7C0469C28FF1F13B50400FB
:1041600064890389C2888188C0780094FFF7CEFFF4
:1041700013BD000010B5044C2068002803D005F0E2
:10418000FFF80023236010BD402EFF1FA122F0B5D1
:10419000818892004A43384B384F1B6889B09B187E
:1041A0009D2292009B18827904001A603B68002BC4
:1041B0005FD01D78324B1B68002B04D05B68002B4E
:1041C00001D000209847260008363100E079FFF73B
:1041D000B7FD237DE0710200E0780493638A290033
:1041E0000393238A0293E3890193A3880093330006
:1041F000FFF752FFE378002B0BD1E289A379A18866
:1042000002920196E27928000092012201F0DCFE80
:10421000E0703B68002B20D0FFF7ACFF194D2878E9
:1042200000281AD0184B1978FFF778FE002814D010
:104230002B780820A788E678079304F011FF011E69
:1042400009D0D0230370CA3B467083708780867183
:10425000079805F0ADF900232B701721A088FFF710
:1042600075FCA08801F038FCA08801F00FFD09B0B2
:10427000F0BD064B9DE7C0463409FF1F402EFF1FCF
:10428000542EFF1F352EFF1F342EFF1F9C28FF1FAB
:10429000F8B5070008000E0001F08CFE041E18D0CF
:1042A0002620FFF78DFC051E00D12578062004F09E
:1042B000D7FE041E0DD00021062205F031F9D023CF
:1042C0002370C23B21006770A370A680E8B205F09E
:1042D0006FF9F8BDF0B585B001930AAB1B78070004
:1042E00002930BAB1B7808000D000092039301F0C2
:1042F00061FE061E22D0102004F0B2FE041E1DD066
:104300001022002105F00CF92620FFF759FC0028A7
:1043100000D13078D0232370C13BA370009B2100D3
:104320002372019B67706372029BA580A372039B3B
:10433000C0B2E3720C9BE36005F03AF905B0F0BD42
:10434000F7B50D00019001F035FE071E1FD00E20BD
:1043500004F086FE041E1AD02620FFF731FC061E4C
:1043600000D13E78D0232380C53BA370F91D0622DF
:10437000E01C05F055F8019B2100638101232B40CF
:10438000AD07ED0F23736573F0B205F011F9F7BDBA
:10439000F0B585B0029010000D0017000A9E03933F
:1043A00001F008FE041E31D0029B002B2ED1039B8E
:1043B00002795B0724D5122313430422002E08D16F
:1043C0000B99002905D10C99002902D10D990029DA
:1043D0001AD01A430D9B2271002B00D0C9E0002E89
:1043E00000D1CFE0002D00D0CCE0606A002801D0E1
:1043F00004F0C6FF1C21300004F0FAFE606205E004
:1044000002239A430E33D7E793432371654BBA00D7
:10441000D458002C00D1AAE0002E10D0236A002B23
:1044200003D11C2004F01CFF20625E4BBA00D3585D
:10443000186A002803D01C22310004F0F1FF0C9B05
:10444000002B12D0574CBB001D596B6A002B03D1B7
:10445000162004F005FF6862BB00E358586A002884
:1044600003D016220C9904F0DBFF0D9B002B11D01A
:104470004C4DBC006659B36A002B03D1142004F0E4
:10448000EFFEB0622B59986A002803D014220D99D0
:1044900004F0C6FF380001F08DFD051E67D0414BCA
:1044A000BA00D358002B62D01A6A3420002A00D1F7
:1044B0001C389A6A002A01D0143080B20B9A002A64
:1044C00001D01C3080B25B6A002B01D0163080B264
:1044D00004F0C6FD041E4AD01822002105F020F881
:1044E0002620FFF76DFB0190002801D12B78019366
:1044F000D0232370029B200063700A23294EA370EF
:10450000039BBD00A371AB59A780196A183000291D
:1045100005D01C22A06004F083FF200034307359C2
:10452000996A002907D0030014221433E060029333
:1045300004F076FF02980B9B002B08D003001C228E
:104540001C330B992061029304F06AFF029873599F
:10455000596A002903D01622606104F061FF6B469E
:104560002100187905F024F83800FFF7E5FC05B0C4
:10457000F0BD10220D9B0D991B69A018236204F059
:104580004FFF2CE70B9B002B00D13FE7012D00D004
:104590003CE7606A002801D004F0F2FE1C210B9871
:1045A0002AE7C0463C2EFF1F10B5044C20680028A7
:1045B00003D004F0E5FE0023236010BD302EFF1F62
:1045C0000B4B07B51A68002A01D100200EBD6946C1
:1045D000531C012012780731FFF774FC0028F4D037
:1045E00002780123100018401A42EED0EEE7C046D0
:1045F0004C2EFF1FF0B51F4F01203B6887B0002BEA
:1046000025D09B78059300F0B3FB002821D00A2029
:10461000FFF7D6FA04000B20FFF7D2FA164B05007D
:104620001E78731E9E413B68F6B2191DD878FFF7BD
:1046300059FB3B682900DA7A043303929A79019393
:104640000292009033002000059A04F0F9FE07B0B2
:10465000F0BDFFF7B5FF002805D00620FFF7B0FA40
:1046600004000720D8E70820FFF7AAFA0400092071
:10467000D2E7C046302EFF1F2C2EFF1F70B50A4E0A
:10468000040033780D00FF2B0DD0042004F0E8FC6B
:10469000011E08D0D0230370CE3B45708370C470D8
:1046A000307804F085FF70BDAC28FF1F70B50400A2
:1046B00006200D0004F0D4FC011E0AD0D0230370A4
:1046C000CD3B8370054B44701B688580187804F0DF
:1046D0006FFF002C01D0FFF767FF70BD302EFF1F6A
:1046E000F8B5264F06003B680D001124002B05D1BC
:1046F0000522234B1B78134202D112242000F8BD5F
:10470000204A10241268002AF8D01278002AF5D026
:10471000DB0719D52B789A1E012A1AD80C2004F031
:104720009FFD132438600028E8D000230A2243703C
:1047300029000670023004F073FEFFF75BFF041ED1
:104740000AD0FFF731FFD9E700F012FB0028E1D1D2
:10475000E4E7002BE2D0D0E70B4B1B78032BCDD145
:104760001D20FFF72DFA094B18800028C6D0084BF2
:1047700004211878074A04F003FDBFE7302EFF1F1D
:104780002D2EFF1F4C2EFF1F2C2EFF1F2A2EFF1F2A
:10479000582EFF1F60EA0000F7B50193194B140073
:1047A0001A78052306000F0012201A4221D0012991
:1047B00020D1154B1D68002D1BD002201F2C18D8AE
:1047C000002C02D0019B002B13D0104B1F221E7017
:1047D0006E1C0021300004F0A3FE0199220030007D
:1047E00004F01EFE310020002C70002F06D004F0D3
:1047F000D7FCFEBD064B12201D68DCE704F028FC48
:10480000F7E7C0462D2EFF1F4C2EFF1FAC28FF1FC1
:10481000482EFF1FF8B50F4E12243368002B17D017
:104820001B780F3C834213D100250B4F02213878AF
:1048300004F0B6FD094B042138781D8004F0B0FD6A
:10484000074B28001D8033685C7004F051FD0400A4
:104850002000F8BD302EFF1F582EFF1F442EFF1FD3
:104860002A2EFF1F70B5012823D11B4C2388002B53
:1048700003D01A4A1578002D07D0194B1B68002B5E
:1048800002D01878FFF7C6FF70BD3B2B02D93C3B26
:104890002380F9E7134E0221307804F081FDFA22DB
:1048A0002388920002215A43307804F001FC2580CD
:1048B000EAE70B4B1B68002BE6D00B4B1B785B0722
:1048C000E2D5084B0221187804F06AFD0022024B61
:1048D0001A80FFF769FED7E7442EFF1F282EFF1F1F
:1048E000302EFF1F582EFF1F2D2EFF1FF8B51E4D17
:1048F0002868002803D004F043FD00232B601B4EE2
:104900003068002803D004F03BFD00233360184FCB
:1049100005243B7818002040234221D0154800F0A0
:104920002BFA3B78234213D0202004F099FC286016
:10493000002813D02022002104F0F2FD202004F0F2
:104940008FFC041E306005D02022002104F0E8FD19
:10495000002004E0286804F013FD2C601320F8BD4B
:1049600000F00AFAF4E7C0464C2EFF1F482EFF1F46
:104970002D2EFF1FA028FF1F10B50A4C23681A1EFA
:104980000ED0002808D10130587004F0B1FC002886
:1049900005D02368002B02D00021FFF787FE0122FB
:1049A000100010BD302EFF1FF7B5274E05003368ED
:1049B0000191181E21D05C78244F012C30D1FFF7D3
:1049C000FFFD002825D02000FFF7FAF80400412859
:1049D00014D91F4B022118781E4A04F0D1FB1E4B3C
:1049E0003C3C1C80022233685A703B78002B14D167
:1049F00028000199FFF75AFE0120FEBDFA2292001D
:104A00004243002AEED0124B0221187804F050FBEA
:104A1000E8E7FFF7D5F80200F3E700233B70EBE788
:104A20003B78002BE8D1032004F01AFB011E08D0CC
:104A3000D0230370CC3B457083703368187804F042
:104A4000B7FDFFF7B1FDD7E7302EFF1F282EFF1F60
:104A5000582EFF1F60EA0000442EFF1F10B51749B3
:104A6000838802008B4220D011D815498B4217D081
:104A7000144900205B1899B2012907D8926811786F
:104A80005A425341D8B2FFF7F9FD012010BD0E4A3A
:104A900000209B1807229BB29A424041C0B2F5E722
:104AA00083681878FFF768FFF0E7836899785A7889
:104AB000090218781143FFF777FFE7E70A200000A3
:104AC00006200000F8DFFFFFAFDFFFFF014B18708B
:104AD0007047C046AD28FF1F10B5064C207001F08E
:104AE00045FA207804F0CCFB0521207800F068FD21
:104AF00010BDC046582EFF1F0BB273B50D00002B22
:104B000000DBC4E0884B187804F07AFB041E0ED05A
:104B10000378912B0FD0A22B00D1A1E0834B187802
:104B2000FF2852D0210004F043FD00284DD1802001
:104B30000002684076BD43780F2B76D013D8052B42
:104B400070D00E2BEAD18088794B98422BD8794BC4
:104B500098421BD8784B9842E0D1A3681878591C2A
:104B6000FFF776F838E03E2BD8D18378032B74D04A
:104B70006CD8012B6ED0022BD0D1704B1B68002B50
:104B800023D05B68002B20D098471EE06C4BC018E8
:104B90000C28C3D804F064FC1DC2C2150BC20B0B59
:104BA0000B3223C23C00674BC0180728B6D8664BAF
:104BB0001B68002B09D01B68002B06D020009847EB
:104BC0000AE0A3681878FFF7C9F8200004F0F8FBA2
:104BD000ADE7A068FFF764F800289FD0F5E7A36869
:104BE0001B78002BF1D0554B1B68002BEDD01B68B8
:104BF000002BEAD0210055489847EDE74F4B1B6842
:104C0000002BE2D01B68002BDFD021005048F3E7D7
:104C1000504B1B68002BD8D05B68002BD5D02100EF
:104C20004348E9E7FFF7ECF9CFE780884A4B984221
:104C300003D04A4B984200D070E7464B1B68002BCC
:104C4000C3D05B68002BC0D02100D5E7153B012BFA
:104C5000BBD963E7FFF79AFAB7E7FFF77FFAB4E744
:104C60003F4B1B78042B07D100236A461380017940
:104C7000408800F0CBFCA8E7364B1B68002BA4D083
:104C80005B68002BA1D00100364898479DE70124BE
:104C900021420AD0294B1B68002B04D05B68002BF3
:104CA00001D000209847012043E78B070AD5264B07
:104CB0001B68002B04D05B68002B01D020009847B4
:104CC000022036E70421280008400D4200D131E7D8
:104CD000254E3388002B21D0013B9BB23380002B23
:104CE0001AD1FFF7DDF800280AD0204B1C70164BB4
:104CF0001B68002B04D05B68002B01D02000984774
:104D0000FFF7C8F8694601F00CFD6846FFF700F8A8
:104D10001D20FEF755FF308004200AE7024B18786B
:104D200004F03EFBF8E7C046582EFF1FAD28FF1FDA
:104D30000E2000000120000009100000502EFF1F6F
:104D4000FEDFFFFFAFDFFFFF542EFF1F0C20000030
:104D50000B200000382EFF1F0D2000001320000044
:104D60002D2EFF1FFFFF00002A2EFF1F282EFF1FE2
:104D700010B501F09FF910BD014B18607047C04697
:104D8000542EFF1F0B880020162B01D81723042058
:104D9000014A13807047C046022EFF1F0020704753
:104DA000074A03001188814207D091880020994268
:104DB00002D101308000101870470020FAE7C04689
:104DC000602EFF1FF0B58F7806000D00C5B01E2FB6
:104DD00015D1FFF7E5FF051E03D10024200045B0E3
:104DE000F0BD00223B003100C078009200F0B8FB1B
:104DF0000400A81C00F0D8FBFF23EB70EEE7264B65
:104E0000062403931B78FF2BE8D0182FE6D87B08E5
:104E1000224A013BDB0002929A589446002ADDD0D8
:104E2000029AD3185B68002BD8D00878002802D1EA
:104E30004B78012B02D10624122FCFD107AFAB88BC
:104E4000697800976446AA68A047041EC6D1AB786B
:104E5000029A5B08013BDB00D318390030005B6825
:104E60009847041E0BD1AB78042BB6D0039A3100BF
:104E700010782200009700F073FB0400AEE76A7818
:104E8000002AABD1AA7805A93B88087130000A70C6
:104E90004B80FEF74BFBA0E7B028FF1F4C9701119A
:104EA0001D4B37B5050098420BD000290AD1FFF7FA
:104EB00077FF002805D11948FFF772FF002800D0BE
:104EC000058037BD01291AD1FFF76AFF041EF8D00B
:104ED00001235B420380A378FF2BF2D0FE2B07D087
:104EE0000023E0781422009329001E3300F038FBE1
:104EF000A01C00F059FB01235B426380E1E702291B
:104F0000DFD1013901F0C2F80028DAD12800FFF71B
:104F100047FF041EDFD1D4E7FEFF0000FFFF0000C3
:104F2000022210B5074B52421A80074801325A80BC
:104F30009A80DA8000F084FA044801F029F8002011
:104F400010BDC046602EFF1FC54D0111A14E0111BD
:104F50000388F7B50400002B02D102252800FEBD0E
:104F600042680221137825485268FEF7A7FD002801
:104F70002ED0234F01253A88002AEFD080232188A4
:104F80005B0201259B1A9942E8DC0C2004F068F9C9
:104F9000061E31D03B8822889C46002318000195CC
:104FA00061469DB2491989B2AA421BD8002801D096
:104FB00062443A8000233000082208C0210004F037
:104FC0002FFA104A1368002B13D100251660C5E78D
:104FD0006268022113780C485268FEF76FFD0028C2
:104FE000C7D1BAE760681D014019418101330198BA
:104FF000D6E71A001B68E6E71325AFE7BA97011159
:10500000AE28FF1F5C2EFF1FB8970111014B1870CF
:105010007047C046B028FF1F14230A0010B51A407D
:10502000194204D00122102101F04CF810BD4B06AA
:10503000F9D4C843022340001840F7E710B5140024
:105040008B0604D50122102101F03CF810BD082385
:105050000A001A40194202D14BB2002B0FDA10217C
:1050600001F030F8002808D02300F2331B78002B21
:10507000ECD0F1342378012BE8D10020E6E70320BF
:105080008907FAD4E2E70000F0B51F00184B85B09D
:105090001C68019002910392002C27D1200005B0DA
:1050A000F0BDA5683301ED186B89019A934211D3C5
:1050B000029A93420ED8002F04D10A9B002B10D1E4
:1050C0002C00EBE73B002978039A6868FEF7F6FCB2
:1050D0000028F2D10136B6B2A388B342E1D82468E1
:1050E000DAE7A3680A9A5B891380E9E70026F3E709
:1050F0005C2EFF1F37B50C000A88498801239142B6
:1051000017D3002A15D0651D23792A0002210A48E9
:10511000FEF7D4FC102300280BD023796188208867
:1051200000242A000094FFF7AFFF0A23A04200D01A
:10513000230018003EBDC046BA97011113B50A00FE
:1051400008884988012388420BD8002809D0002408
:10515000137905320094FFF797FF0A23A04200D08D
:105160002300180016BD13B50A00088849880123DA
:1051700088420BD8002809D0002413790532009406
:10518000FFF782FF0A23A04200D02300180016BDBB
:10519000F0B58BB003904A8808880E000123824244
:1051A00013D3002811D00023012704AC2370002260
:1051B000718813000092FFF767FF05002078002D2B
:1051C00006D122780A23002A41D118000BB0F0BD85
:1051D000002835D12B78022B18D167706A8983009B
:1051E0000130E31880005A8069680222201804F018
:1051F00017F923780133DBB22370042B19D93B0054
:105200006889013080B2002BD1D0DAE702236370C5
:10521000122358436A89231804305A80696810227F
:10522000201804F0FDF823780133DBB22370002B43
:10523000E5D10A4A6B899B185A425341DBB2DFE73A
:105240006378012BE4D12B78022BC7D0B9E721007A
:105250000398FEF795F90023B7E7C0460100FFFF6A
:105260000F4BF0B504001868002816D083685D89DC
:10527000A54207D88288AE18B44203DA12019A1800
:10528000934201D10068EFE71E005F891036A74204
:1052900004D1002900D00D801800F0BD3300EFE7E5
:1052A0005C2EFF1F70B505000C0008880021FFF779
:1052B000D7FF03000120002B04D022002800197A18
:1052C000FFF7BCFE70BDF7B50C0000250190230070
:1052D000EE331B78AB4201D800200AE06B00E65A9F
:1052E00000213000E718FFF7BBFF002802D126801D
:1052F0000130FEBD017A0198FFF78EFE002802D032
:105300003B882380F5E70135EDB2E0E710B50400F6
:1053100008880021FFF7A4FF03000120002B03D021
:105320002000197AFFF778FE10BD0000054B1B68BE
:10533000002B01D1180004E09A6852898242F6D10C
:10534000988870475C2EFF1FF0B50E27002687B0A7
:10535000039302ABFF183E8005001F4B40891400E9
:10536000984207D02B78013000976A6880B2FFF727
:105370008BFE060002212B7818486A68FEF79EFB18
:1053800000280FD06C892000FFF7D0FF002802D042
:10539000013C0419A4B2039B002B00D01C803000F8
:1053A00007B0F0BD02212B780D486A68FEF786FB36
:1053B0000028E7D102212B780A486A68FEF77EFBB5
:1053C000002807D0002EDED03B88A342DBD17489B1
:1053D000013CDFE76C89DEE7FFFF0000BA970111AF
:1053E000B8970111B697011110B50C00FFF7D8FC62
:1053F00003000220002B0AD0002C00D023609B78F1
:105400001720FE2B03D00138FF2B00D1002010BD48
:1054100073B50D0001A904001600FFF7E5FF17287A
:1054200005D0002E04D129002000FEF725F976BD15
:1054300001221021200000F045FE0028F3D0F6E7FD
:10544000014B18607047C0466C2EFF1F37B56B4686
:105450009D1D010004000222280003F0B1FE2B88EC
:10546000B02B0ED12379122B09D12300FA331B78EC
:10547000012B06D10121608800F0E0F801E01B2B30
:10548000F8D037BD10B5054B0421187000F098F81E
:10549000FFF746FDFEF76CFB10BDC046702EFF1FE8
:1054A0000020F0B50BB20F0087B0834234DA274BEF
:1054B000187803F0A5FE051E2BD00378A02B25D16C
:1054C00003AE3100FEF7E2F8041E0BD1B378DB0720
:1054D00024D51F4B06341B68002B03D0310068888D
:1054E00098470400A868002801D003F0F1FE002CC2
:1054F00008D1184A039B1340174A934206D0B37849
:105500001B2B03D00121688800F098F8280003F0D5
:1055100057FF80200002784007B0F0BD0F4B1B689A
:10552000002B10D0310068889847041EDAD07378B9
:10553000002BD7D1B27801A90A704B800C71688812
:10554000FDF7F4FFCEE70624F1E7C046702EFF1FFB
:10555000682EFF1F00FFFF00000112006C2EFF1FCE
:10556000F7B50190FC200D0017001E0003F078FD38
:1055700004001320002C12D0B02320002370089BBD
:10558000F4226770658026710830002B08D019005E
:1055900003F046FF2100019804F00AF80020FEBD48
:1055A000089903F0BDFFF5E710B5041E06D000789A
:1055B000FD2803D803F094FDFF23237010BD0000E5
:1055C0000A1F93B210B504000220032B05D88240B5
:1055D0000020024BD1529B189C7010BD902EFF1FD3
:1055E0000B8870B5043B04000D000220032B0BD880
:1055F0000121200000F04AFD03001420002B03D0FD
:105600002900200000F0DEFB70BD000007B513008C
:10561000034A00920A00012100F02CFC0EBDC04696
:105620004958011107B5019203220092024B0A006A
:10563000122100F047FC0EBDC758011107B56B469B
:1056400001AA11800449D88008780633012802D1C4
:10565000190003F055FE07BD712EFF1F0C4B10B54E
:1056600018700023FF210B4A1380138193819380CC
:10567000094A53801370517293819372D174D3820B
:105680001375517703F034FF00F0FCF910BDC046EC
:10569000A02EFF1F902EFF1F722EFF1FF0B58DB0A2
:1056A0006B46002003910C229B5E834200DBB1E03D
:1056B0005D4B187803F0A4FD051E00D1A5E003782A
:1056C000902B00D09EE006AF01004688380000F025
:1056D00013FA79680400002900D19DE03B88052B6E
:1056E0006FD13B89032B1CD905AC200000F0A2F838
:1056F0006288172A60D83989131D994231D1796897
:10570000237804310291D90738D5607800F08EF9FA
:10571000071E06D0002303712378012B08D0132B1A
:1057200023D0A868002800D179E003F0D1FD76E00D
:105730006288029909A800F0A6F80290380000F0EB
:105740008BF909AA2378387A01920022310000925D
:10575000029A00F012F9380000F064F9029B002B65
:10576000DFD0300000F080F9DBE70378032BD8D1DD
:105770006288029909A800F0D6F8DEE709AF122B7B
:1057800012D13800029900F0B4F8021EE9D127497D
:105790008B88002BC5D08879237801976178009198
:1057A000310000F0EAF8BCE700233A003B80617862
:1057B0003000FFF72BFFB4E71D4B09AA099361786E
:1057C000F6E7042B02D09A1F012AAAD8174A043BF5
:1057D0009B00995A0029A4D0D218907831003A0041
:1057E00000F0ADF800289CD13B88042B03D00121A8
:1057F0003000FFF723FF012C04D1A868002801D056
:1058000003F066FD280003F0DBFD8020039B00020F
:10581000434018000DB0F0BD012800D181E70121FF
:105820003000FFF70BFFEDE7A02EFF1F902EFF1FAC
:10583000010017000B7803704B784370CB788A789F
:105840001B021343438070470A88030002700A88D2
:10585000120A42700A88012A06D14A8882704A8850
:10586000120AC2700420704702208242FBD14A888B
:1058700004309A704A88120ADA708A881A718A8803
:10588000120A5A71EFE710B50400012082420CD9C8
:105890004B780A781B0213432380834206D1CB78CE
:1058A0008A781B0213436380002010BD022BFBD1BA
:1058B000CB788A781B02134363804B790A791B02E9
:1058C0001343A380F0E70B8803700B881B0A437017
:1058D0004B8883704B881B0AC3708B8803718B883D
:1058E0001B0A4371CB888371CB881B0AC3710820C4
:1058F000704703000120082A14D14A780878120260
:1059000002431A80CA788878120202435A804A7980
:105910000879120202439A80CA79887912020243F6
:105920000020DA80704710B504000120022A05D15A
:1059300000204B780A781B021343238010BDF8B572
:10594000060010200F00150003F08AFB0400012060
:10595000002C0ED0A0230C22290023806780201D5C
:10596000002D07D003F05CFD2100300003F020FE85
:105970000020F8BD03F0D4FDF6E7F7B51E00009057
:1059800008AB142017001D78019103F069FB041E79
:1059900012D0A2230370019B47704380099B0571BD
:1059A00046710C220830002B07D0190003F038FD97
:1059B0002100009803F0FCFDF7BD099903F0B0FD4C
:1059C000F6E737B5041E0FD04388002B0CD0002516
:1059D000C1881323007A172201950095FFF7CDFFA8
:1059E000FF2365806372257037BD000010B50C4938
:1059F00004004A88002A09D08B89002B05D000209A
:105A0000CB8A0222834201D010BD012213000A205A
:105A1000434300204032C854C81842800472F3E760
:105A2000722EFF1F0023438003707047094B002133
:105A30001A0010B55C88002C06D01C79844203D172
:105A40000A234B43D01810BD01310A330329F1D189
:105A50000020F8E7722EFF1F10B50400407A03F013
:105A60003FFBFF23637210BD7047043010B580B256
:105A700003F066FB002803D00421494203F050FBE9
:105A800010BD000070B50025104CA0682580A581D0
:105A9000A580A84202D003F01BFCA56000250C4C99
:105AA0000C4B606D1D80230058331D70A84202D03E
:105AB00003F00EFC656500256068002801D003F046
:105AC00007FC013508340A2DF6D170BD382FFF1FB1
:105AD000DC2EFF1F2C2FFF1F70B5041E09D1054DB2
:105AE0002880A881A880A868002802D003F0F0FBD5
:105AF000AC6070BD382FFF1FF0B54B8885B00193A7
:105B0000002343600A7905000F00022A00D07BE0E1
:105B1000CA88032A17D98B685E7819783602DC7830
:105B2000D8790E4399781B7A24021B020C43034355
:105B300053495BBA0B80331D93421ED1042C04D011
:105B4000631F022B0ED9012015E0019A4D4B120163
:105B5000D35A002B06D00198FFF7BEFF4A4A1369BB
:105B6000013313610421B8682E812C80494203F06F
:105B7000D7FA6860002005B0F0BD434D042C06D074
:105B8000631F022B0FD9EB680133EB60DBE7019A4F
:105B90003C4B1201D35A002B05D00198FFF79CFF14
:105BA0002B6901332B61374B30000293019B029A22
:105BB0001B010193002301998C468B52130063440F
:105BC0009C8003939E81FFF750FF039B041E986007
:105BD00016D00421B868494203F0A2FAFA880100FD
:105BE000043A200003F01CFC0199029AFB888A5AAF
:105BF000043B9B18029A8B522B6801332B60A2E75F
:105C0000AB690133AB619EE71E4B0293019B1E0102
:105C1000029BF35A002B2DD002998C19A068002802
:105C200028D0012A26D1FA889B189BB27352A189E9
:105C3000994217D39B1AC018B96803F0F1FB029B75
:105C4000A289F35A934200D07DE700222B81A388DA
:105C50002B80A3686B60029BF2520B4A536801339E
:105C6000536070E7084A9368013393600198FFF727
:105C700033FF68E7044A536901335361F6E7C046CE
:105C8000A22EFF1F382FFF1FA82EFF1F70B5051E65
:105C900015D10B4C0B4B1880230058331870606DD6
:105CA000002802D003F014FB6565250050356068BC
:105CB000002801D003F00CFB0834AC42F7D170BDD2
:105CC000DC2EFF1F2C2FFF1FF0B51700A12285B07F
:105CD000920001934243394B06001B680C009B184D
:105CE000D933FF331D78FDF73DFF0430854204DDD5
:105CF0003000FDF737FF0430C5B2BD4207D33A008C
:105D000000213000019B03F0CBFA05B0F0BD290063
:105D1000380003F01DFA2300C6B250331E700393FF
:105D2000019B29006365380003F0BAFBCBB20293F4
:105D3000002B02D0039B01361E7000262300503337
:105D400003931B78B34204D8606D002831D1002042
:105D5000DBE7029A2800002A04D0013B1000B3427E
:105D600000D02800F700E719387003F041FB786095
:105D700000280ED03A78019903F052FB019A3B7843
:105D80000136D3180E4A0193D369F6B20133D361B9
:105D9000D4E7039B18706065A74205D1084A132019
:105DA000D36A0133D362B0E7606803F091FA083434
:105DB000F2E703F08DFA00236365C8E73409FF1F9B
:105DC000A82EFF1FF7B50D0007000421686803F037
:105DD000A7F92B89040003702B891B0A43702B88B9
:105DE00083702B881B0AC3702E8902250436F6B2F5
:105DF000F42E15D81B4B9F4214D10C2003F030F920
:105E00001135011E0CD0902303708E3B0371043BAF
:105E10004380154B8460C680187803F0C9FB0025C9
:105E20002800FEBD5C237B43104AD31800935833EF
:105E300001931B78002B0FD103003200380000992A
:105E4000FFF742FF019B05001B78002BE8D13800CB
:105E5000009903F015FBE3E7054A0725536A013370
:105E60005362DDE7FEFF0000A02EFF1FDC2EFF1FA8
:105E7000A82EFF1FF0B587B0009017200F00160066
:105E80000193FFF7F2FD1325041E18D00C98031E92
:105E900002D00199201D9847030AE370052303A946
:105EA000A070043008812770009866700B804C60E9
:105EB000FFF788FF051E02D0200003F009FA280032
:105EC00007B0F0BDF0B587B01F000CAB1B78039195
:105ED000059301210DAB06001C78049200F0D6F862
:105EE0001425002821D02000FFF780FD0135041E75
:105EF0001BD01149059B0A7803700132D2B2131EE0
:105F0000C68001D101231A000B7022713000049B5E
:105F100003990097FFF7AEFF051E09D1230021006A
:105F20000648074A093303F0B3F9280007B0F0BD6B
:105F3000002363802370F8E7A42EFF1FC3590111CB
:105F400030750000F8B505000E00064C064F2368BA
:105F5000002B02D03100280098470434BC42F6D10F
:105F6000F8BDC046482FFF1F5C2FFF1F0123064AC4
:105F70005B425380002313715362044A13605360E1
:105F80009360D360136170475C2FFF1F482FFF1F82
:105F90000200002310B506499C000859002801D1D1
:105FA000625010BD0133052BF6D11320F9E7C0462E
:105FB000482FFF1F034A5388181A43425841404252
:105FC000104070475C2FFF1FF0B585B002930AABFD
:105FD0001F780CAB1B88009008000E000192039301
:105FE000FFF7E8FF05001120002D1BD10E48FFF739
:105FF000E1FF04001520002C14D006220B99A77194
:10600000E01D03F00DFA019B30002371029B290073
:106010006371009B66802370039B6562E381FFF7D9
:1060200091FF280005B0F0BDFFFF000010B5FFF79D
:10603000C1FF04000220002C12D060880121FFF76C
:1060400081FF606A002801D003F09AF9282200211C
:10605000200003F065FA012300205B426380207179
:1060600010BD000030B5074A074C55880100137871
:106070000020A54204D05B1A59424B4158421040BF
:1060800030BDC0465C2FFF1FFFFF0000084A10B55F
:1060900001230C00904208D0FFF78CFF031E04D0B0
:1060A000037923405A1E9341DBB2180010BDC0464D
:1060B000FEFF0000024B1879431E9841C0B27047A2
:1060C0005C2FFF1F70B504000D001600FFF772FF74
:1060D000002804D10F4B9C4200D0143070BD102317
:1060E0000279416A134000290AD10520002BF5D01E
:1060F000897E0C20A9428941494249420840EDE786
:106100000F20002BEAD09207F2D40A38002EEFD0ED
:10611000E4E7C046FEFF0000030010B5002800D1F0
:1061200010BD0348034A41889142F9D09847F7E7E8
:106130005C2FFF1FFFFF0000002330B5C45CCD5C67
:106140006C40D4540133102BF8D130BD0F23002202
:1061500010B5C45C64002243CA54C25CD209013B3E
:10616000F7D210BD0200010010B52032103103F04B
:10617000E7F910BDF0B58DB005901020079317001A
:10618000069103F06DF80190102003F069F8019B6F
:1061900013240290002B05D000280CD11324019861
:1061A00003F0EEF8029B002B02D0180003F0E8F891
:1061B00020000DB0F0BD102003F052F806001020B2
:1061C00003F04EF813240500002E00D1B3E00028A0
:1061D00019D01022002103F0A3F9320029000598FC
:1061E00003F0AEF9041E0ED133787F2B56D8300061
:1061F0000199FFF7ABFF019B1B787F2B58D80299C1
:106200000198FFF7A3FF300003F0BAF8002D02D089
:10621000280003F0B5F8002CC1D1102003F020F8BD
:106220000600102003F01CF80390002E00D180E03F
:1062300000287CD03A0001210F3223001211049172
:1062400006D013B204930F233B405A4253411BB272
:10625000049A013A1201002B34D0069BD2B298184E
:106260000199039AFFF768FF10220021300003F024
:1062700057F9049D069F013DADB22D017D19AF4236
:1062800042D0002C33D0300003F07AF8039B002B6F
:1062900000D184E7180003F073F880E7290030008C
:1062A000FFF754FF28002649019AFFF745FFA2E7B0
:1062B00029000198FFF74AFF28002149029AFFF7B9
:1062C0003BFFA0E70F2506993D408A1808A8D9B2E0
:1062D0008D4207D9D15C19540133102BF7D1039AA1
:1062E0000299BFE7691A4F427941C901F3E73900C2
:1062F000300008AAFFF720FF3200059808A903F034
:106300001FF910370400BAE7002CBCD13000039904
:1063100008AAFFF711FF320008A9059803F010F949
:10632000082204003100079803F07AF8ABE7132441
:10633000A9E71324AAE7002800D069E72EE7C046A2
:10634000C0970111F0B58BB00F0016000225009028
:1063500000283FD0002A3DD00B1DDBB2180002936D
:1063600002F07EFF1135041E34D0FDF73BFD050021
:106370003A000099201D03F00BF9EBB20393E37090
:106380002B0CDBB22F0A00936370FFB22B0E23702D
:10639000A7700193FDF720FD1022010006A803F06D
:1063A000F7F82100029A04AB06A8FFF7E3FE051EEA
:1063B0000DD1039B08223370009B04A9B370019B8D
:1063C0007770F370301D03F0E3F8FDF711FD200046
:1063D00002F0D6FF28000BB0F0BDF0B58FB00D0075
:1063E000149E039004920593002A03D102242000F6
:1063F0000FB0F0BD002EF9D00398FFF7DBFD142499
:10640000071EF4D07278337812021A43B3781B0453
:106410001343F27812061A43036A0192934201D39E
:106420000133E3D1002D03D03B7901249B07DED556
:106430000822002106A803F073F8059B13240433F7
:10644000DBB21800029302F00BFF051ECFD0059AB5
:106450000499043003F09CF804223100280003F072
:1064600097F83900102210310AA803F091F829009A
:10647000029A06AB0AA8FFF77DFE041E0FD1082280
:1064800006A908A803F084F80822311D08A802F024
:10649000BFFF012807D101990398FDF7BDFC280033
:1064A00002F06EFFA3E70124F9E7000070B51C4C71
:1064B00005002368181E10D0002D14D11A78002A68
:1064C0000CD1981C083202F0ABFF02F029FF013515
:1064D000002808D123681D70012070BD0A33180000
:1064E000082202F09DFF2368002BF5D0122002F055
:1064F000B7FD061E0DD0C12321680370457002311F
:106500001022023002F08CFF23683100587803F02B
:106510004FF8206802F034FF00232360DCE7C04618
:10652000842FFF1FF8B504002020FDF749FB0D4E16
:10653000A700BB590500002B0DD000280BD0D87840
:10654000FF2809D108492A000C55F359074803339D
:10655000611802F09DFEF8BD290002F0E9FE002856
:10656000F0D1F8E7A02FFF1F882FFF1F75770111CB
:1065700070B5064D84006359002B05D0D87802F021
:10658000AFFDFF226359DA7070BDC046A02FFF1F18
:1065900070B506008CB00C00150000213022684652
:1065A00002F0BEFF31001022684602F0F1FF1D200C
:1065B00021000322684402F0EBFF6846FFF7D2FD9A
:1065C0002D21040003222800694402F0E1FF20008D
:1065D0000CB070BDF0B50400170097B001931CAB70
:1065E0001D7830221EAB00910AA800211E7802F00F
:1065F00097FF2100102202AC0AA802F0C9FF102266
:106600000021200002F08CFF07223900200002F058
:10661000BFFF07220199A01802F0BAFF33005A1EEB
:106620009341A3732B005A1E93410021102206A808
:10663000E37302F075FF06221D9907A802F0A8FF78
:106640001A2006221F99001902F0A2FF10220099B9
:106650000EA802F09DFF10230EAA11782078013BAE
:106660004140DBB2117001340132002BF5D10AA890
:10667000FFF778FD102212A904000EA802F0D0FE48
:10668000102206AB0EA908781D78013A6840D2B2F4
:10669000087001330131002AF5D10AA8FFF762FD25
:1066A000044310222098E4B212A902F071FF2000E6
:1066B00017B0F0BD70B50E0014008CB001001022B0
:1066C00068461D0002F064FF3100082204A802F0B1
:1066D0005FFF2100082206A802F05AFF6846FFF774
:1066E00041FD04001022280008A902F051FF2000FB
:1066F0000CB070BDF8B506000D0000243719AC428F
:1067000000D3F8BD02F08CFD030A3B70631CDBB2C2
:1067100001379D4203D90234F054E4B2EEE71C0085
:10672000EDE7F7B507000C000225002818D0002976
:1067300016D001AE03213000FFF7DCFF3F23B27813
:1067400031001A400133134338002200B370FFF7C1
:106750001FFF051E04D103223100E01C02F060FE81
:106760002800FEBD03785807DA08C00FD200800069
:106770009B0710439B0F1843C0B2704707230B4081
:10678000C908C9000B4303707047000070B50400CE
:10679000FFF7EEFE134DA4006359002B21D0186AB9
:1067A000002801D002F0ECFD2B59986E002801D092
:1067B00002F0E6FD2B59D86E002801D002F0E0FD72
:1067C0002B59186F002801D002F0DAFD2B59586FB1
:1067D000002801D002F0D4FD285902F0D1FD002399
:1067E0002B5170BDA02FFF1F0E4B8000C35870B5FA
:1067F0000C00002B0FD09D68002D0CD02B78201D95
:106800000B706B784B70A97CFFF7B8FF2B7E23725F
:106810006B69E36070BD10220021200002F080FE51
:10682000F8E7C046A02FFF1F014B18607047C04615
:106830009C2FFF1F074A03008000825810B5002AD2
:1068400006D0D088984203D1012901D1FFF79EFFDD
:1068500010BDC046A02FFF1FF0B5254E95B0870094
:106860000B93BB590500099112200A92002B2FD0DF
:10687000D888FFF79FFB04001420002C28D02800A4
:1068800010A9FFF7B1FFBB591E781F6A002E21D057
:10689000FDF7E8FA07900020FDF7EAFA0890A579DD
:1068A0003800E61D10AF0CA900F0E2FA0EA938007E
:1068B00000F0D7FA0B9B0A990493089B099801935F
:1068C000079B0396009302950EAB0CAAFFF782FE7E
:1068D00015B0F0BDFDF7C6FA05003000FDF7C8FAA7
:1068E000A37906000793E31D089310A8DBE7C046D1
:1068F000A02FFF1F30B50D4C85002A59030085B02D
:106900000120002A0DD018006946FFF76DFF2B59B2
:10691000D8881B78002B06D0054B6A46072100F06B
:10692000DAFB05B030BD034BF7E7C046A02FFF1FD1
:10693000636E0111716E011130B5094C8500295942
:1069400085B010226846253102F06AFD2A591121CE
:10695000044BD0886A4600F0BEFB05B030BDC0468F
:10696000A02FFF1F0D6F011130B5094C850029596B
:1069700085B010226846353102F052FD2A591121A6
:10698000044BD0886A4600F0A6FB05B030BDC04677
:10699000A02FFF1F4B6F0111F8B54D4F860010203F
:1069A000F4590D0002F05CFCF3592062186A1322BE
:1069B00000286DD02900033A9C6802F031FDF3599C
:1069C000197800295AD1227D186A94466646027BBE
:1069D0000F0072400126324201D167463740227DC6
:1069E000B2433A432275077BD6B27A40002792071A
:1069F00001D4B607F70F0226227D7F00B2433A4347
:106A00002275067BD7B272400026B446520702D4E4
:106A10007F07FA0F9446624604269700227DB24310
:106A20003A432275627D002794466646427B724057
:106A30000126324201D1674637400126627DB243CA
:106A40003A436275477BD6B27A400027920701D459
:106A5000B607F70F0226627D7F00B2433A436275A4
:106A6000407BD6B242400020520701D47607F00F97
:106A70000426627D8000B243024362756A78002A70
:106A800008D06278002A05D005220533DA77002283
:106A90001000F8BD04222879104205D1A07C1042D4
:106AA00002D10533033AF1E720782C78002902D18E
:106AB00002002000140018220428E9D8042CE7D88A
:106AC00005216143034A05335218125CDEE7C046D4
:106AD000A02FFF1FD097011110B50A001121024B02
:106AE00000F0F9FA10BDC046A76F01110B0030B5D8
:106AF00087B001AD2B806B4604001100981D082261
:106B000002F08EFC2A000B212000024B00F0E3FA79
:106B100007B030BDCF6F011110B50A001121024B33
:106B200000F0D9FA10BDC0462370011137B56D468B
:106B30000B0004001100681C06222B7002F070FC90
:106B40006A4608212000024B00F0C5FA37BDC04656
:106B50004370011110B50A001121024B00F0BBFA7D
:106B600010BDC046937001117FB505000B4BAA0004
:106B7000D4580800002C0FD0666F237FE28821785C
:106B80000396266F0296E66E0196A46E0094FDF7BA
:106B9000FFFB2800FFF7FAFD7FBDC046A02FFF1FB7
:106BA00010B51721FFF7E0FF10BD000070B50A0017
:106BB0000D00064B0221040000F08DFA0600297832
:106BC0002000FFF7D1FF300070BDC046736F011188
:106BD000F0B587B000236C462370836805001E78EB
:106BE000701E0A2857D801A902F062FB060631354B
:106BF000393D4145494D5100180000F040F9062348
:106C0000122849D000281AD16888FFF7D3F9082341
:106C1000002813D04279002A44D1254B1A78072343
:106C200012070BD5234B1A680723002A06D01768D2
:106C3000002F03D0310001AAB84703002370237846
:106C4000002B2AD16888FFF76DFC07B0F0BD180053
:106C500000F06CF9D6E7180000F087F9D2E71800C9
:106C600000F093F9CEE7180000F0ADF9CAE718007C
:106C700000F0C3F9C6E7180000F0F6F9C2E7180003
:106C800000F0F6F9BEE7180000F013FABAE71800B2
:106C900000F013FAB6E70723237021006888FFF796
:106CA00085FFD2E70523012AC8D1034BBBE7C046C5
:106CB0002D2EFF1F982FFF1F9C2FFF1FF8B52C4F65
:106CC0008600F35904000D00002B40D0DA88824280
:106CD0003DD15A78062A33D11A78002A2ED00120C5
:106CE00099681A6A097D014206D0157B054203D0D6
:106CF00007225A700120F8BD0220014204D0157B02
:106D0000054201D00922F4E70420014204D0127B9D
:106D1000024201D00B22ECE7164B1B68002BE9D096
:106D20005B68002BE6D020009847BB5900215B78B8
:106D3000122BDFD12000FFF717FFDBE70E4BECE74C
:106D4000112A04D1002900D032252900F2E7002DB4
:106D500008D12000FFF72EF9002803D01023027974
:106D60001343037121002800FDF792FAC2E7C046E1
:106D7000A02FFF1F982FFF1F9C2FFF1F70B50E4ED7
:106D80008500AB590400002B13D01B78002B11D1C8
:106D90000A4B1B68002B04D05B68002B01D020003D
:106DA000984773595B78122B03D100212000FFF71D
:106DB000DBFE70BD024BECE7A02FFF1F9C2FFF1FD7
:106DC000982FFF1F094B8000C3581020002B0CD0B8
:106DD0001A6A002A09D09B68002B06D0127A1B7E03
:106DE000101C9A4200D9181CC0B27047A02FFF1F78
:106DF00070B503000D0014000220002A30D00029D5
:106E00002ED013700B78081D53704B789370FFF7DA
:106E1000A9FCE070012002212B7A23716B7B0340D7
:106E200063716A7B0A401343042263716E7B1640D0
:106E3000334363716E7BF608F600334363712B7B3B
:106E40000340A371287B014000200B43A371297BE1
:106E50000A401343A3712A7BD208D2001343A371C3
:106E600070BD10B50A0001000120FFF7C1FF10BD81
:106E700010B50A0001000220FFF7BAFF10BD70B57F
:106E800006000C000220002E30D000292ED073788E
:106E9000201D0B70B3784B70F178FFF76FFC012267
:106EA0003579257271794B100800134093401040DA
:106EB0000343881010408000C9080343C9000B43F6
:106EC0006373B1794B1008001340934010400343A3
:106ED000881002409200C9081343C9000B432120C7
:106EE0002373FCF76DFE854201D2122070BD222073
:106EF000257AFCF765FE8542F7D823781820042B05
:106F0000F4D86378012BF1D80020EFE7030010B527
:106F10000220002909D0002B07D00322481C0A7048
:106F200019000D3202F07CFA002010BD030002228D
:106F3000080010B5002B06D0002904D00E32591CD1
:106F400002F06EFA0022100010BD030010B50220FE
:106F5000002909D0002B07D00422481C0A70190010
:106F60000C3202F05DFA002010BD10B5FFF7DEFF15
:106F700010BD03000220002906D0002B04D00522FA
:106F800000200A701B784B70704703000220002B12
:106F900008D0002906D05B7800200B70013B082B3D
:106FA00000D918307047030010B50220002909D01D
:106FB000002B07D00622481C0A7019000A3202F082
:106FC0002FFA002010BD10B5FFF7B0FF10BD020072
:106FD0000B00022010B500290ED0002A0CD007218A
:106FE0001970118859701188090A997011180822AE
:106FF000D81C02F015FA002010BD03000A00022080
:1070000010B5002B0CD000290AD0997858780902C5
:1070100001431180901CD91C082202F001FA0020C3
:1070200010BD030010B50220002909D0002B07D0A5
:107030000822481C0A701900921802F0F1F9002089
:1070400010BD02000B00022010B500290BD0002A51
:1070500009D009211970117818185970511C06228D
:1070600002F0DEF9002010BD10B5FFF75FFF10BD84
:1070700002000B00022010B5002A09D0002907D019
:107080005178197011180622581C02F0C9F9002015
:1070900010BD030010B50220002909D0002B07D035
:1070A0000A22481C0A701900063202F0B9F90020C1
:1070B00010BD10B5FFF73AFF10BD02000B00022013
:1070C00010B5002A06D0002904D018005178FFF727
:1070D00055FB002010BDF0B51F00062387B003AD9F
:1070E00006000800298101922B80FEF7BEFC1324C4
:1070F000011E68600CD00198B847041E05D1290014
:107100003000FEF76DFA041E02D0686802F0E0F865
:107110003000FFF707FA200007B0F0BDF0B504001B
:107120008BB0019115000021102202A802F0F8F99D
:10713000334EA700B85900283CD0C388A34239D1A8
:107140000378002B36D14278062A18D102000100BC
:10715000553235310C3006ABFFF7ACFA002829D197
:107160002000FFF72FFE020006A902A802F058F93E
:10717000200002A902F0F4F901200BB0F0BD816EED
:10718000002917D00B8A112A28D19D420ED10198CF
:107190001231093A02F03CF9012807D1BB5920000D
:1071A0009D6EFFF70FFE29000200DEE7322120006E
:1071B000FFF7DAFC2000FEF7FDFE061E1BD0416A39
:1071C000002918D00B8AAB4215D108220198123140
:1071D00002F01EF901280ED1716A0AE09D42E9D140
:1071E00008220198123102F013F90128E2D1BB59AB
:1071F000996E8A7EB9E7200002F04AF9BCE7C046E2
:10720000A02FFF1FF0B56E4D87007E5985B03378F3
:1072100002900393002B00D085E0B368346A019399
:107220007078062817D101221B7D134202D0217BE2
:10723000114218D10222134202D0217B114251D1B6
:107240000422134203D0237B134200D08EE0019B23
:107250005A7DEB5982E007380428F8D802F028F864
:10726000032E42658600B36E002B03D11C2001F073
:10727000F7FFB066EB599C6E002C1CD01022002149
:10728000200002F04DF90298FFF79CFD010020005C
:10729000FFF730FA01F0C4FF2082200008211230ED
:1072A000FFF728FA0298FFF78DFDA076EB59210031
:1072B000D888FFF711FC0822EB591CE0B36E002BB5
:1072C00005D01A00198AF0881232FFF70FFC02224B
:1072D000019B197DEB59114250D0207B10424DD0BB
:1072E000073208E0F488FCF7D5FD01002000FFF725
:1072F00013FC0A22EB595A705A78073A042A12D81A
:10730000D888FEF757FE002856D0C3895A08D218ED
:107310002C49029B0298CB549B00EB584118043334
:10732000294801F0B5FF05B0F0BDFCF79BFD030057
:107330000120834201D100200393EB59DE88FCF742
:1073400097FD039902003000FFF7F0FB019AEB591B
:10735000117D0422114218D1019A527D01210A4265
:1073600018D0607B084215D00C22C4E7F688FCF7E1
:1073700033FD01003000FFF7EDFB68E70422114206
:10738000EAD0217B1142E7D0AAE7217B1142E3D06A
:107390000B22B0E702210A4204D0607B084201D0F0
:1073A0000E22A8E704210A4204D0627B0A4201D0DF
:1073B0001022A0E712229EE7FA225200A8E7C04658
:1073C000A02FFF1FA42FFF1F7F77011110B5064BC1
:1073D0001A780423100018401A4200D00348FFF71F
:1073E00023FA002010BDC0462D2EFF1FB428FF1F1A
:1073F00070B50400FFF7D0FA051E43D12000FFF757
:1074000079FA234EA400A0598268937CDB0708D543
:107410000321036A1B790B40012B02D1017F0B432F
:107420000377431DD97F8B1E022B0DD8022900D074
:107430000121C088FCF784FF042133591A7F597059
:107440000A431A77280070BD01290CD102231022AB
:10745000437000210C3002F063F8305910213530B0
:10746000FFF748F9EEE70529ECD10223D118437064
:1074700010220C3001F0D4FF04233259117F0B434A
:107480001377EAE708251828DCD1053DDAE7C0467E
:10749000A02FFF1FF0B58BB0059143887C4F9E0055
:1074A000F45915000493002C15D1012902D00020B5
:1074B0000BB0F0BD101D57781678FFF753F9EB6845
:1074C000320002932B7A0499019300903B00200034
:1074D000FCF700FFEBE7E388049A934201D0082011
:1074E000E6E72378012B00D1D0E0059B581E092840
:1074F00000D9CBE001F0DCFE05CA0A29C8506C8532
:107500009AB229000498FFF773FFD1E72000290001
:107510001022453001F084FFB9594B78042B02D179
:10752000013B4B70C3E70B000A00253335320C31A9
:107530000498FFF791F90498FFF7FEF90522431E1E
:107540009841BB59C0005A70B2E7200029001022B0
:10755000553001F065FF049B4D4C9D00295904985E
:107560000A0006AB55320C31FFF776F92959102283
:10757000453106A801F04CFF012808D10498FFF717
:10758000F3F90590002804D106222B595A7005986A
:107590008EE708230593FAE763780C2B76D1E36E28
:1075A000002B03D11C2001F05BFEE066BB59D86EB6
:1075B00000286BD01022290001F032FFBB5904983B
:1075C000DC6EFFF7FFFB0D22A076BB595A706EE709
:1075D000E06E00285AD063780D2B57D12B880822F3
:1075E0000382A91C123001F01BFFBB599A68517D20
:1075F0000222114226D0186A407B104222D00C325F
:10760000E4E763780E2B41D1236F002B03D11620C2
:1076100001F026FE2067BB59186F002803D0102206
:10762000290001F0FDFE0F22BB59CFE763780F2B35
:107630002CD1206F0622691C103001F0F1FEBB59DD
:107640009A68517D0422114203D0196A497B114284
:10765000D5D100210498FFF787FA28E7606F00284A
:1076600008D1143001F0FCFDBB596067586F002849
:1076700000D134E71022290001F0D2FE0122BB59CB
:1076800052425B6F1A61E4E72978E3E707200FE7CE
:10769000A02FFF1F10B5064C207001F0D1FD062170
:1076A0002078FDF78DFF0348FEF772FC10BDC04641
:1076B000B32FFF1F3568011100200BB270B50D000C
:1076C000834216DA264B187801F09AFD041E0DD07D
:1076D0000378922B0ED0A02B37D0224B1878FF289E
:1076E0003AD0210001F064FF002835D1802000024B
:1076F000684070BD43780E2B0BD03E2BEDD18378C4
:10770000052B12D0082BE8D181798088FFF7D6FAB3
:1077100008E0154B82889A42DFD183681878591C9B
:10772000FEF7C4FE0028D8D016E0104B1B785B078C
:1077300012D50F4B1B68002B0ED09B68002B0BD073
:10774000C289811D80889847ECE7FFF741FAA0685D
:10775000002801D001F0BCFD200001F031FEC5E79A
:10776000B32FFF1FAD28FF1F182000002D2EFF1F75
:107770009C2FFF1F10B50078FFF712FA10BD10B54F
:107780000078FFF7FBFA10BD0C234343084A10B5FD
:107790009B185A68002A03D0012901D1904710BDD7
:1077A0009B68002BFBD00029F9D19847F7E7C0462A
:1077B000D02FFF1F01238340094A10B5946B1C434F
:1077C0009463506B98435063D46B20009843012915
:1077D00001D120001843D063116B0B43136310BD1C
:1077E00000800040F0B500240127154B85B0DA6B0E
:1077F000144E03921A6C0192DA64019BE3403B42FF
:1078000017D0039DE5403D400295E5B2029928005E
:10781000FFF7BAFF316A736A002908D03900002BDC
:1078200001D0029979402800FFF7C4FF01E0002B46
:10783000F9D101340C36172CDFD105B0F0BDC046AC
:1078400000800040B42FFF1F0122064B8240002918
:1078500003D019680A431A60704719689143196088
:10786000FAE7C04600800040064B01215A68C2403A
:107870000A4204D01B68C3401800084070471B6DC3
:10788000F9E7C046008000400122064B82400029F3
:1078900003D0D9680A43DA607047D9689143D96048
:1078A000FAE7C046003800400322424370B50F4D4E
:1078B000AB189C785E780123361B0136B340013B40
:1078C000A340A140DB430C00122808D8525D0849B0
:1078D00092005218116819402143116070BD054A89
:1078E00011680B4023431360F8E7C0461798011155
:1078F00008F0004014F00040C21F70B5D4B2062357
:10790000092C0BD80125084C9540002908D00021EE
:10791000FFF7CAFF23682B4323600023180070BDC4
:107920002368AB43F8E7C04600380040214BF0B570
:107930001B185B78022B21D1032444431E4A1F4E9F
:10794000A35C12199478012215008540B76B013CA5
:10795000E4B23D43A240B563194C122815D89B00F0
:1079600000290CD117495B1899680A439A600123D2
:10797000205C154A834011680B431360F0BD114928
:107980005B18996891439960F1E70E4B00290DD17E
:1079900059690A435A61225C1328E8D00123203A2E
:1079A00093400A49086803430B60E7E7596991432C
:1079B0005961F0E7B42FFF1F1798011100800040B4
:1079C0005C98011100F00040A0F00040A4F00040DD
:1079D000F8B500241B4E1C4D1C4B1B5D012B1FD109
:1079E000194A9269E2401A420BD00122B2569340E2
:1079F0002200143AD2B2022A09D815494A6913431F
:107A00004B61013402360C35172CE5D1F8BD00224C
:107A1000B2560F499200521891680B439360F0E7F9
:107A2000022BEED1E7B23800FFF71EFF01235840CA
:107A3000C1B23800FFF77AFF3800FFF715FF68770B
:107A4000DFE7C046E9970111B42FFF1FB52FFF1FD5
:107A500000F00040012202388240054B002903D08B
:107A600059690A435A617047596991435961FAE764
:107A700000380040F8B50E0001210F008740114A80
:107A80000400D368FD43BB43D360831E8B4201D8FF
:107A9000FFF7E0FF00212000FFF72EFF0A4A0B4B03
:107AA0005168012E05D139431B1951605E700020C9
:107AB000F8BD2940516002221C1962709A69154074
:107AC0009D61F4E70038004000800040B42FFF1FA4
:107AD000012210B58240074B002906D019680A43DD
:107AE0001A600121FFF7C6FF10BD196891431960A4
:107AF000F7E7C046008000400C2370B500254343E3
:107B00000A4A29009B181D70094B04001B185D7060
:107B1000FFF7B0FF0123A340064928000A681A4373
:107B20000A6005490A689A430A6070BDD02FFF1F9A
:107B3000B42FFF1F348000403080004070B5040037
:107B40000E00FF2813D003250540FFF7D5FF084A94
:107B5000A3089B009B183F22ED00AA40AE40196885
:107B600020009143314319600121FFF78DFE70BD64
:107B700018380040F8B50C244443134B0500E418B2
:107B80006368002B03D1A3681220002B1AD00222B5
:107B900001270E4B00215B195A7028002770FFF750
:107BA00069FF63681E1E08D0A3683E00002B04D046
:107BB0002800FFF759FE4640F6B228003100FFF7D3
:107BC000F9FD0020F8BDC046D02FFF1FB42FFF1FC6
:107BD000F7B5C420FF222A4B800019580025914395
:107BE0003F3A0A431A508022264E5202264F1A600C
:107BF000264B5C5D002C22D0AB1E012B03D801214B
:107C0000E8B2FFF727FF012C19D11E4B9B69EB400F
:107C1000234214D0EBB218000193FFF725FE0100B8
:107C20000198FFF755FF0123FB569C40EBB2143B34
:107C3000E443022B1AD8164A536923405361337F19
:107C4000002B0DD0ECB22000FFF794FF2000FFF7CF
:107C50000BFE737F0100834202D02000FFF794FDEA
:107C600001350C360237172DC2D1F7BD0023FB5664
:107C7000074A9B009B189A6814409C60DFE7C04647
:107C800000E100E0B42FFF1FE9970111B52FFF1F9E
:107C900000F0004010B501210400FFF7EBFE0123C6
:107CA000044A002011194B70A34091690B43936162
:107CB00010BDC046B42FFF1F70B50E0015000400A4
:107CC000FFF71AFF0C236343094A20009B189D60AD
:107CD0005E60FFF74FFFF021064B074A8900051E43
:107CE0005A5002D02000FFF707FF280070BDC046A1
:107CF000D02FFF1F0000FF1FE577011170B5134D56
:107D000007202C78002C1FD1982221005200280037
:107D100001F07EFA0123C420FF222B700C4B80005F
:107D20001C635C630B4B1C605C600B4B19589143EC
:107D30003F3A0A431A50802252021A600D20074A25
:107D4000074901F075FB200070BDC046B42FFF1F2E
:107D500000800040A0F0004000E100E0D17B011174
:107D6000D1790111F8B50600012826D00B22082789
:107D7000164C01239340164A164DD3677301ED1834
:107D8000287C0021FFF780FD0021687CFFF77CFD47
:107D900000258023380023732571257025732572F3
:107DA000656001F0DDF9380001F01AFA0A4BAE42C5
:107DB00007D1EB2292009E50F8BD11221927074CE3
:107DC000D7E7F12292009D50F6E7C0460040004000
:107DD00004E100E06831FF1F0000FF1F0090004039
:107DE000F0B587B0050001F0ABFA04902800FFF76A
:107DF000B9FF012D00D17DE0052304270826039358
:107E0000444C06330193444B6A019B181A7CFF2AA9
:107E100002D15B7CFF2B6BD0300001F0B1FB300056
:107E200001F09EF93C4B6A0102936B010593029BA2
:107E300002219E18307CFFF737FD0221707CFFF78E
:107E400033FD39000027307CFFF778FE707C039902
:107E5000FFF774FE27737169049B18114B08C01853
:107E600001F076F9802327612373030ADBB22371C3
:107E7000F37EC0B22070BB4244D01B232373029B0D
:107E80006A019B181A7E0123002A3DD087222272A4
:107E9000636062687F3313436A0194466360029BA8
:107EA00063449B7E002B03D002236268134363600C
:107EB0001A4A002D2AD1EB21194B89005350019BFE
:107EC000184A9B089B009B180322019CC02022405B
:107ED000FF24D200944080001958A143802494408C
:107EE00022000A431A500123019A93400D4A13605D
:107EF00007B0F0BD092308270393DB1919260A4CA4
:107F0000019380E70323B9E72272C5E7F121074B0C
:107F1000D3E7C046004000406831FF1F0000FF1F4C
:107F2000411BFF1F00E100E000900040811BFF1F8C
:107F300010B50020FFF754FF10BD10B50120FFF76A
:107F40004FFF10BDF0B587B005930CAB1D78174FF0
:107F50006E01F35D029002AC112003910492002B9C
:107F60001ED1637A0C380193002B19D119002022FD
:107F7000F01901F04DF90E4BF31807CC07C39C46DE
:107F80006246236828001360FFF72AFF0123F35598
:107F9000002D07D129000820064A01F049FA0020E7
:107FA00007B0F0BD1920044A0199F6E76831FF1FB8
:107FB0007831FF1F317F01113B7F011170B5040043
:107FC000FFF7D0FE084D660120220021701901F054
:107FD0001FF90023082073559C4200D0192001F09E
:107FE00087F8002070BDC0466831FF1FF8B50E4C01
:107FF000430116001A5D0F000720002A13D0E41871
:10800000A37E0238002B0ED025790230002D0AD134
:1080100001F08EF80123E7606681E58025812371F8
:1080200001F016FA2800F8BD6831FF1FF0B5504B7B
:1080300087B0009343010193009B150042019E18F5
:10804000B37E04000F00002B59D00620002D1DD058
:1080500000291BD033790338002B17D07289954241
:1080600014D8012B14D033895B1993420EDC01F034
:108070005FF83389F0682A00C018390001F0A0F8D1
:108080003389EB18338101F0E3F9002007B0F0BD2C
:108090002A00F06801F094F80023F3800233337172
:1080A000F16835812B1C102D00D91023651E6A4202
:1080B0005541A02202206601B446D2016D4215400E
:1080C0002C4A9BB2AD186A6882436A60009A2A48BB
:1080D00062440632013B9BB283420AD10820002C45
:1080E00000D0192001F00CF802236A6813436B607A
:1080F000CBE71688771C17808E5D2E70EAE7013C6F
:1081000062425441A02203930123D20164421440ED
:10811000184A1A48A418E26F110019401A420FD1E8
:1081200020221648002D12D1402214490595237DA6
:108130001342AAD1059B581C05908B42F7DD04E041
:10814000039A511C03918242E5DD0D209EE70491C4
:10815000237D134205D03B78013DADB2237001373A
:10816000E0E7049B5E1C04968342F1DDEDE7C04628
:108170006831FF1F00400040FFFF0000A0860100A3
:1081800070B51D0002240C2910D8094ACA40D20734
:108190000CD5FBF721FD041E08D1059A049928008F
:1081A000FBF736FDFCF7A2FBFFF710F9200070BDCE
:1081B0001210000030B50D7802232C009C431842A9
:1081C00001D02B431C0008252300AB43284201D0DB
:1081D0002B00234320241D00A543204201D01C4333
:1081E00025002A230D70184204D011781E3B0B4342
:1081F000137030BD0028FCD10C2113788B43F7E7B6
:10820000F8B51D0006AB1B88140007AA0E000B2052
:108210001778002B27D10A78022A49D14A6850786A
:1082200011780002244A08438018042840D801F03D
:108230003FF803121D1B2300F06801F0E1F8021C57
:10824000C0B2B84200D93A1CD2B22000F1682A80EC
:1082500001F0E6F806E00222F3681B882A8023700A
:108260001B0A63700020F8BD0622EEE701232B8075
:10827000F3681B782370F5E7F368002B16D008220B
:108280002A801A8822701A88120A62705A88A2708C
:108290005A88120AE2709A8822719A88120A6271C8
:1082A000DA88A271DB881B0AE371DBE72B80D9E750
:1082B00001202B80D7E7C04600D6FFFFF7B5160098
:1082C0000A781D0008AB1F880C000123022A18D170
:1082D0004A685078117800022B4A08438018032816
:1082E0000FD800F0E5FF02254439E06801F088F876
:1082F000C0B20723B84204D37B190193152B02DDCA
:108300000D231800FEBDE0682A003100C01901F0FD
:1083100087F86B4600209B88E268D0541B4B1B6893
:10832000834203D01B68834200D098470023E8E7CC
:108330000B23002FE5D1022DE2D1737832781B0296
:108340001343E2681380114B1B68002BEED01B68AF
:10835000002BEBD00120E8E70B23002FD1D1062D15
:10836000CED12A003100E06801F05AF8DEE70B2395
:10837000002FC6D1012DC3D132787533012AC0D860
:10838000E3681A70D2E7C04600D6FFFFC031FF1F76
:1083900070B50C001500072837D800F089FF0414C9
:1083A00036361B36242E182015290BD8184E1622C7
:1083B0000021300001F0B4F822002900300001F063
:1083C0002FF8002070BD18200229FBD11288114B14
:1083D0001A80F6E718200829F4D10A000E4829006F
:1083E00000F0EEFEEDE718200129EBD10B4B1078E1
:1083F0000B49DA69FFF7DEFEE3E718200129E1D136
:10840000064B10780749DA6BF4E70220DAE7C0463A
:10841000A831FF1F4E29FF1F4429FF1FD428FF1F2B
:10842000FC28FF1F1C29FF1F030010B50020DB07DD
:1084300004D50721024A034800F08CF810BDC0465D
:1084400074980111D428FF1F054A03001068002802
:1084500003D082889A4201D1806870470068F6E7AD
:10846000B833FF1F0A88030008009A4204D08A88A4
:1084700004309A4200D000207047000073B5060017
:108480006846150001960180FCF762FD041E11D1BB
:10849000002D0FD07689002E11D00C2000F0E0FEC8
:1084A00000280ED0084A0460136886808560002B7F
:1084B00002D11060200076BD1A001B68F7E7022485
:1084C000F8E71324F6E7C046B833FF1FF8B5F222E9
:1084D00000230D4F0D4E79680500424333709942D9
:1084E00000D07B600A4C0021200001F019F8002325
:1084F0001A007C609D4201D13570F8BD01332280A5
:10850000DBB2F234F6E7C046B034FF1FAE34FF1FD3
:10851000BC33FF1F012100220A4B10B549420A4C0F
:10852000198099809A719A70084B207001201980E7
:108530005A60FFF7CBFF2078FCF768FD0448FDF791
:1085400027FD10BDC831FF1FB834FF1FB034FF1F17
:1085500001860111022310B5002802D0FFF78EFF1B
:108560000300180010BD0000030010B50020DB0759
:1085700004D50421024A0348FFF780FF10BDC0461E
:10858000889801115429FF1FF0B50E2687B0039378
:108590000CAB1F8802ABF6180500080031000292F0
:1085A000FCF75EFE04000120002C0FD03088FFF79E
:1085B0004BFF03000E20002B08D05E68002E05D074
:1085C00021002800039B029A0097B04707B0F0BD36
:1085D0000A4B10B5984207D10122002352420A806B
:1085E0008B708A808B7110BDFFF73CFF0028FAD09A
:1085F00001235B42038000238370F4E7FFFF000048
:10860000F8B5050001290AD1134E00243388F2275A
:10861000AB4219D028001149FFF7DAFF06E0022922
:1086200004D10139FDF732FD0028EDD0F8BD3B0043
:1086300063437268D018D35A002B09D03A00002146
:1086400000F06EFF0134E4B2054B1B78A342EED874
:1086500001235B423380DDE7B034FF1FC831FF1FC9
:10866000AE34FF1F10B5FFF7FDFE0300002083426C
:1086700000D0987810BD0000F0B589B01C000EAB9A
:1086800080CB03901E8810AB1B78049202930B7A68
:108690000D00DB0616D42B780593022B24D004980A
:1086A000FFF7D2FE002812D003689C46002B0ED0A4
:1086B000029B2200019329003B0064460398009628
:1086C000A04705E00498FFF7BFFE002802D10E2066
:1086D00009B0F0BD8368002BF9D00A222900039865
:1086E00098470028D7D0F3E76B6858781A786A4B18
:1086F000000210439842D2D8043B984210D2674BF4
:10870000984242D015D8664BC0180128C7D80B2014
:10871000002EDDD1EB681A7859683A80200028E0F5
:10872000604BC018032800D978E000F0C1FD836ACF
:10873000779D5D4B9842B2D10B20002EC8D101230A
:108740003B80EB6831001B7823706889013080B270
:10875000FCF786FD3A88031E0ED0017802328A1893
:108760003A80428962704289120AA270596802787E
:10877000E01C00F055FE06E004323A80310004228D
:10878000601C00F0CDFE0020A2E70B20002E9FD140
:10879000EB6807A91E8804233B80330A300026704B
:1087A0006370FCF75DFD051E28D004AB9A890E238B
:1087B00004A95B183D49C668FCF7C6FD00280BD12B
:1087C0002B783B486A680599FBF778F9002803D1B4
:1087D000012304AA5B42D3813278022A06D1716850
:1087E000201D00F01DFE3B8802333B800E2304AAAF
:1087F0009B181B88A3701B0AE370C4E704ABDE81DF
:10880000F4E70B20002E00D062E7E9680398FFF739
:1088100029FF02233B8020706670B4E70B20002EF6
:1088200000D055E70222EB681B883A8023701B0AB0
:108830006370A8E7E86800F0E3FDC2B20300072018
:10884000B24200D244E70DD00299DBB271189942CE
:1088500002DB921BD3B20293029BE9681A003B80B1
:1088600089195BE70023F6E70B20002E00D02FE7E5
:108870000722EB683A801A7822705A7862705A8818
:10888000A2705A88120AE2701A792271DA8862712B
:10889000DB881B0AA37176E7042900000228000088
:1088A00000D8FFFFFFD6FFFF03280000FFFF0000F6
:1088B000B8970111F0B58DB06B46002008912022C9
:1088C0009B5E83423DDAA54B187800F099FC071EA9
:1088D00032D00378B02B2CD10079023816281FD85B
:1088E00000F0FEFC17001E001E001E0031001E00DE
:1088F00094001E001B011E0050011E0071011E008D
:10890000CB011E0050021E001E001E008E021E0023
:10891000B902934B93491B8878880B80FAF710FEB5
:108920003800FCF793FD904B1B68002B01D03800FA
:108930009847380000F044FD8020089B0002434027
:1089400018000DB0F0BDEE220021864800F0E8FDD1
:108950000BAA3B7B7989388900923A000D32FCF7EB
:1089600093FB04007F4B1B78002C3DD144E07F4BF0
:108970007888059306AB9A8A7D4B4100CB5A7D4E91
:10898000073BDBB202930023210001930096059B75
:10899000FFF772FE734D00280FD133883A8A9A424E
:1089A0000BD138000599123000F032FD002804D0B8
:1089B0002B7862899B00EB185A80162606ABF618B6
:1089C0009A8A200033007989FCF7BEFC2B780400DA
:1089D0009A00AA1851880029C4D00133DBB22B7049
:1089E000002806D031889180634A12889A42BED806
:1089F00002E0012149429180002B04D05949788836
:108A0000FAF7D2FD8CE73E890A2479E000253E89F9
:108A1000574B06937B88069A5B009B5A033B9D420B
:108A200002DB002DF0D05BE0162206A812183B7B7B
:108A3000798900923A0030000D32FCF725FB059051
:108A4000002858D04689017A7888FCF7E5FA041E98
:108A500044D1464B78880793069B4100C95A454B41
:108A60000439C9B206AAD28A0693029101940093EE
:108A70000599079BFFF700FE041E2FD1069B39497D
:108A80001A88931C002D26D14B807988384B4900D9
:108A9000CB5A5119033B8B4220DD059B31485B8942
:108AA00041190B71A91C0135C9B2EDB205914519E7
:108AB0001B0A2B71059B2D490433181800F0B0FCDC
:108AC0002C4B059A1B88D318DDB22C4B9E4205D047
:108AD0000136B6B29CE749889942D6D0002D0CD019
:108AE000204C2800618800F07BFC207021007888F1
:108AF000FAF76AFD14E7059CF0E7002C00D183E744
:108B00007B78142B00D10BE716493B794E800B7014
:108B10000C717888FAF70AFD02E7162406ABE41810
:108B200021003889FCF79CFB011E00D18FE1788879
:108B300022880F4C45002C5B0A4D013CE4B20294A4
:108B400000240F4B01940095FFF796FD041E00D002
:108B500016E129007888FAF747FDE1E6B834FF1FEF
:108B60004C28FF1FD031FF1FC431FF1FC432FF1F2D
:108B7000002EFF1FB433FF1F4A28FF1FFFFF000016
:108B8000D231FF1F162406ABE41821003889FCF708
:108B900067FB011E00D15AE178882288B24C45005B
:108BA0002C5BB24D013CE4B202947C89B04B019441
:108BB0000095FFF761FD041E00D0E1E029007888F0
:108BC000FAF71CFDACE60025A84B1D803B00F633F0
:108BD0001B78A64A78880792AB4208D9A24B128824
:108BE0000693069943005B5A013B9A4203DB0799BF
:108BF000FAF70EFD94E616246B00FB18059306ABFE
:108C0000E418059B21001889FCF72AFB011E03D1FB
:108C1000059B01241E8973E77888964B2288069C61
:108C2000099343001B5B944E013BDBB2029300238C
:108C300000960193099BFFF71FFD041E02D0059BC0
:108C40001E895DE77B88069A5B009B5A079A10880D
:108C5000328881188B4203DC1B1A013B9AB23280A6
:108C6000824C02300999001900F0DAFB238832881F
:108C700001359B182380EDB2A8E70BAA3B7B7989CD
:108C8000388900923A000D32FCF7FEF90025060003
:108C9000002E04D10A24002D00D171E063E0317A66
:108CA0007888FCF7B9F90100041E67D16E4C714B4E
:108CB000788805940793059B4400E45A6E4B063C64
:108CC000E4B206AA928A06930294019100933100BD
:108CD000079BFFF7D1FC041E50D1069B634A1B88FB
:108CE000002D34D104335380604C728963191A719A
:108CF0006B1C9BB2E318120A1A7106AB9A8A1623F0
:108D000006A81B1879893000FCF71EFBFF212B1DDC
:108D1000AA1C9BB20335059306000B0092B2ADB2BC
:108D2000002803D006ABDB8AD9B21B0AA21865194A
:108D300011712B71059B504D181D2A884D49201823
:108D400000F06EFB2B88059AD3189DB2A0E75188DE
:108D50001A1D914207D17A8805995200525AEB1890
:108D6000053A9A42C0DC414C2800618800F0F0F9D5
:108D7000207021007888FAF755FCD1E5002DF2D15A
:108D80003E89BDE6162606ABF61831003889FCF799
:108D900067FA3D000400FA3500282DD0037A9B06BF
:108DA0000CD400227B893989788800923A000C32F1
:108DB000FFF7EAFB041E10D03E8915E03088FFF76C
:108DC00043FB00281AD08368002B17D02100122201
:108DD00078889847041EE4D0EEE72B78002B02D168
:108DE0007888FAF72FFC00262B78002B00D097E527
:108DF000002C00D194E583E60124DDE70E24DBE7B7
:108E0000162506ABED1829003889FCF729FA041E4F
:108E10001DD0037A9B0609D4184B7A8819888A4298
:108E200063D0174881425FD00924A9E72888FFF75B
:108E30000BFB00280DD08368002B0AD021001222E2
:108E400078889847041EE7D09AE7100053E0012481
:108E500096E70E2494E7094B7A881B889A423FD004
:108E60007888FAF701FC5BE5002EFF1FD031FF1F69
:108E7000D231FF1FC432FF1FB433FF1FB034FF1FB6
:108E8000FFFF0000F223059851684343CD18C95AEB
:108E900000291FD03B7A012B0BD16C88AB887888D6
:108EA000AA1D0094FFF770FB041E02D000233B7242
:108EB0002E88F2220021280000F032FB00232B80B4
:108EC000059B0133DBB20593144B05991B78144ABB
:108ED0008B42D7D801235B421380002CC0D00FE611
:108EE000002634000596EFE71A8058680B4B1A7875
:108EF000F22353431B18984296D002000188F232A5
:108F00000029A2D13C0008342100F22200F088FAA6
:108F100021007888FAF79EFB02E5C046AE34FF1FB9
:108F2000B034FF1F70B504000E001500FFF79AFA69
:108F3000031E08D131000548FFF794FA0300112001
:108F4000002B02D01C8000209D7070BDFFFF000030
:108F5000F8B50B4F06003B780D001400FF2B0ED028
:108F60000A2000F07DF8011E09D0B1230380002300
:108F700046800371C5800481387800F019FBF8BD84
:108F80009529FF1FF8B50F0006A90600088807A954
:108F90000B25098800281FD10235022B1CD15478DB
:108FA000137824021C43230073358B4314D1FD68CE
:108FB00030002900FFF756FB84420CD02900220024
:108FC0003000FFF7AFFF1125002805D12200300047
:108FD0007989FFF7BDFF00252800F8BDF0B50E78B0
:108FE00085B003900AA805880120022E0DD14C6897
:108FF0002778647824023C43054FBC4205D103988E
:10900000DBB201960095FFF7BDFF05B0F0BDC0468D
:1090100002290000034B10B51B68002B00D09847B5
:10902000FEE7C046BC34FF1F07B501A8FFF7F2FFFB
:10903000044A05480021121A00F0EAF8F7F7F2FA9C
:10904000FEE7C046C034FF1F9829FF1F0000000044
:1090500001B40248844601BC604700BF55220000AD
:1090600001B40248844601BC604700BF1D4D0100A9
:1090700001B40248844601BC604700BFC94A0100F0
:1090800001B40248844601BC604700BF25260000A9
:1090900001B40248844601BC604700BF355500005A
:1090A00001B40248844601BC604700BF4121FF1F54
:1090B00001B40248844601BC604700BF8B520100E6
:1090C00001B40248844601BC604700BF6DBC00008B
:1090D00001B40248844601BC604700BF351CFF1F35
:1090E00001B40248844601BC604700BF114701003B
:1090F00001B40248844601BC604700BF8D1DFF1FBC
:1091000001B40248844601BC604700BFBD1CFF1F7C
:1091100001B40248844601BC604700BFF919FF1F33
:1091200001B40248844601BC604700BF55490100B4
:1091300001B40248844601BC604700BF75A9000025
:1091400001B40248844601BC604700BFE928000022
:1091500001B40248844601BC604700BF090E00000C
:1091600001B40248844601BC604700BFB523FF1F1D
:1091700001B40248844601BC604700BFF30E000002
:1091800001B40248844601BC604700BF5952010047
:1091900001B40248844601BC604700BFB124FF1FF0
:1091A00001B40248844601BC604700BF4D1F000067
:1091B00001B40248844601BC604700BF212400007E
:1091C00001B40248844601BC604700BF810E000024
:1091D00001B40248844601BC604700BF291C00005E
:1091E00001B40248844601BC604700BF7523FF1FDD
:1091F00001B40248844601BC604700BFF94C01003D
:1092000001B40248844601BC604700BFF54E01002E
:1092100001B40248844601BC604700BFB70E00009D
:1092200001B40248844601BC604700BF29510100D7
:1092300001B40248844601BC604700BF2124FF1FDF
:1092400001B40248844601BC604700BFC926000043
:1092500001B40248844601BC604700BF0D520100C2
:1092600001B40248844601BC604700BF3D4B010089
:1092700001B40248844601BC604700BF350E0000BF
:1092800001B40248844601BC604700BF5D1700007E
:1092900001B40248844601BC604700BFA9460100F2
:1092A00001B40248844601BC604700BF0519FF1F96
:1092B00001B40248844601BC604700BFF124FF1F8F
:1092C00001B40248844601BC604700BF156B010031
:1092D00001B40248844601BC604700BFD94901007F
:1092E00001B40248844601BC604700BF0525FF1F4A
:1092F00001B40248844601BC604700BF691F0000FA
:1093000001B40248844601BC604700BFE117000079
:1093100001B40248844601BC604700BFDD6601001D
:1093200001B40248844601BC604700BFD91B00005D
:1093300001B40248844601BC604700BF51470100A8
:1093400001B40248844601BC604700BFD1A50000BB
:1093500001B40248844601BC604700BFE922FF1FF8
:1093600001B40248844601BC604700BF9D24FF1F32
:1093700001B40248844601BC604700BFFD22FF1FC4
:1093800001B40248844601BC604700BF014C0100A3
:1093900001B40248844601BC604700BF7920FF1F2A
:1093A00001B40248844601BC604700BFB3520100CB
:1093B00001B40248844601BC604700BFF521FF1F8D
:1093C00001B40248844601BC604700BF434D010020
:1093D00001B40248844601BC604700BF8D12000002
:1093E00001B40248844601BC604700BF350E00004E
:1093F00001B40248844601BC604700BF017F000001
:1094000001B40248844601BC604700BFDD52010040
:1094100001B40248844601BC604700BFCD4C010046
:1094200001B40248844601BC604700BFE94C01001A
:1094300001B40248844601BC604700BF411DFF1FC4
:1094400001B40248844601BC604700BF851F00008C
:1094500001B40248844601BC604700BF9DA90000DA
:1094600001B40248844601BC604700BFDD24FF1FF1
:1094700001B40248844601BC604700BFC51D00001E
:1094800001B40248844601BC604700BF3119FF1F88
:1094900001B40248844601BC604700BF091B0000BC
:1094A00001B40248844601BC604700BF090E0000B9
:1094B00001B40248844601BC604700BF3D1800006B
:1094C00001B40248844601BC604700BFC5210000CA
:1094D00001B40248844601BC604700BF1D4B010037
:1094E00001B40248844601BC604700BF056A000021
:1094F00001B40248844601BC604700BF79180000EF
:1095000001B40248844601BC604700BF2146010007
:1095100001B40248844601BC604700BFEDA50000CD
:1095200001B40248844601BC604700BF154D0100EC
:1095300001B40248844601BC604700BF055E0000DC
:1095400001B40248844601BC604700BFE548000002
:1095500001B40248844601BC604700BF51250000A9
:1095600001B40248844601BC604700BF311B0000C3
:1095700001B40248844601BC604700BF01240000DA
:1095800001B40248844601BC604700BF3523FF1F79
:1095900001B40248844601BC604700BF4551010048
:1095A00001B40248844601BC604700BFB14E0000D0
:1095B00001B40248844601BC604700BF594F010016
:1095C00048656C6C6F2066726F6D2053543137485C
:1095D0003635210D0A0050696E672E2E2E0D0A00B9
:1095E00030313233343536373839414243444546D9
:1095F000000000000506FFFF00C20100010001009D
:109600000000000055080111890801110000000048
:10961000020000001A960111192A0F180A00000012
:10962000F1590000FD240000414601009D56011142
:10963000B9760111F94A0111A15401111127011143
:10964000B588011165210111310D0111890D01113B
:1096500000000000160000000200000062960111E8
:10966000F4FFD2FCD90F011100000000000000003F
:10967000547579610056322E310030303232006735
:1096800069746875622E636F6D2F707676780054FA
:109690004830340002000000A8960111292A282A27
:1096A000272A262A252A242A0A180000E204000074
:1096B0007102000078EC000005000000744000001A
:1096C0001027000060F000000400000006640000A5
:1096D000204E000000000000060000005C44000076
:1096E000102700006CEE00000700000005000000DD
:1096F0001F501D10023CB400000122002100000098
:10970000B8430000152B0111692B01110000000066
:10971000020000001C9701116F2A6E2A1A18EAD85D
:10972000BC80F0FC0B040400000404FA0ABC9E4E4A
:10973000D6F68AFEDEEE76F03EF4E4FB349B5F80E4
:10974000000080001000000000000000033701113D
:10975000854D01112737011191510111AB370111CD
:1097600067510111213801113D5101117338011167
:109770000D530111DB3801110D5301110D39011188
:10978000C752011121380111F55001119938011109
:10979000A552011100000000000000007F390111F6
:1097A000A5520111E13901119D4D0111052A042A2B
:1097B000012A002A0229032801280028011800187C
:1097C0000000000000000000000000000000008712
:1097D000010102010201010201020303040103016C
:1097E000010101010303020103000D000E0010003E
:1097F000110013001401070108010A010B011C01EB
:109800001D02040205020702080219021A021C02C4
:109810001D030103020317000201000504000807ED
:10982000000B0A001716001D1C01020101050401AE
:109830000E0D011110011413011716011A1902025D
:1098400001020B0A020E0D02111002141302171668
:10985000030504030807030B0A030E0D00010203AE
:1098600007090A0B0E0F101112141718191A1B1FD3
:109870002021220001820111BD820111000000009F
:1098800002000000BE97011100000000DD8F0111F1
:0C9890000000000002000000BC97011165
:020000041FFFDC
:1000000000000000D90C0111209601111C9601116D
:10001000CC2AFF1F000000000000000000000000CC
:1000200000000000000000000000000000000000D0
:1000300000000000000000000000000000000000C0
:1000400000000000000000000000000000000000B0
:1000500000000000000000000000000000000000A0
:100060000000000000000000000000000000000090
:100070000000000000000000000000000000000080
:100080000000000000000000000000000000000070
:100090000000000000000000000000000000000060
:1000A0000000000000000000000000000000000050
:1000B0000000000000000000000000000000000040
:1000C0000000000000000000000000000000000030
:1000D0000000000000000000000000000000000020
:1000E0000000000000000000000000000000000010
:1000F0000000000000000000000000000000000000
:1001000000000000000000000000000000000000EF
:1001100000000000000000000000000000000000DF
:1001200000000000000000000000000000000000CF
:1001300000000000000000000000000000000000BF
:1001400000000000000000000000000000000000AF
:10015000000000000000000000000000000000009F
:10016000000000000000000000000000000000008F
:10017000000000000000000000000000000000007F
:10018000000000000000000000000000000000006F
:100190006D1FFF1FDD1DFF1FC16601000000000075
:1001A000000000000000000000000000000000004F
:1001B000000000000000000000000000000000003F
:1001C000000000000000000000000000000000002F
:1001D000000000000000000000000000000000001F
:1001E000000000000000000000000000000000000F
:1001F00000000000000000000000000000000000FF
:1002000000000000000000000000000000000000EE
:1002100000000000000000000000000000000000DE
:1002200000000000000000000000000000000000CE
:1002300000000000000000000000000000000000BE
:1002400000000000000000000000000000000000AE
:10025000000000000000000000000000000000009E
:10026000000000000000000000000000000000008E
:10027000000000000000000000000000000000007E
:10028000000000000000000000000000000000006E
:10029000000000000000000000000000000000005E
:1002A000000000000000000000000000000000004E
:1002B000000000000000000000000000000000003E
:1002C000000000000000000000000000000000002E
:1002D000000000000000000000000000000000001E
:1002E000000000000000000000000000000000000E
:1002F00000000000000000000000000000000000FE
:1003000000000000000000000000000000000000ED
:1003100000000000000000000000000000000000DD
:1003200000000000000000000000000000000000CD
:1003300000000000000000000000000000000000BD
:1003400000000000000000000000000000000000AD
:10035000000000000000000000000000000000009D
:10036000000000000000000000000000000000008D
:1003700029900111000000000000000000000000B2
:10038000000000000000000000000000000000006D
:10039000000000000000000000000000000000005D
:1003A000000000000000000000000000411BFF1FD3
:1003B000000000000000000000000000000000003D
:1003C000000000000000000000000000000000002D
:1003D000000000000000000000000000000000001D
:1003E000000000000000000000000000000000000D
:1003F00000000000000000000000000000000000FD
:08183800C038FF1F4118FF1F1B
:10184000024981F3088800F0DFFE0000C038FF1F66
:1018500070B500241E491F4A1F484C6308CA1B0567
:101860001B0DE4188242F9D11C4B80228B630021AE
:1018700009201B4B920519621A4B1B4DDA671B4B53
:10188000DA688243DA609A68194802409A60112047
:10189000296000F08FFD112000F06CFD80226B6C40
:1018A000112093436B64EE23DB006343114A1B0C4E
:1018B000D3800122104B9A7400F020FA0F4B1B7852
:1018C000002B04D10E4B1021187800F08DFE70BD56
:1018D000000005408805054000060540FF010000A6
:1018E00000F0004004E100E0003800403CF000401F
:1018F000FFDFFFFF982AFF1F442BFF1F7A2DFF1FDA
:10190000782BFF1F10B500F03FFE072804D01228E7
:1019100008D0022808D010BD044A0420136B0133FC
:101920001363F8E70220F6E71420F4E7A82EFF1F60
:10193000F8B507000C0026002500503630785135E8
:10194000002804D10300287058342370F8BD29788A
:10195000CA00481E8141A3183800A25C5B68C9B266
:10196000FFF7D0FF00280DD12B78DA00A218013341
:1019700050602B703378044A013B3370136A013393
:101980001362D8E70123DFE7A82EFF1F5C23434340
:10199000074910B5C9180B0058331B78012B05D126
:1019A000FFF7C6FF034A936A0133936210BDC04636
:1019B000DC2EFF1FA82EFF1F10B500F02DFE064ADB
:1019C0000121130010CB4942D967044B136000F08A
:1019D00013FE200010BDC04600E100E01000100022
:1019E00010B5040000F018FE024B1C6000F004FE6D
:1019F00010BDC04600E100E010B5040000F00CFE90
:101A00004021094A200013688B43136000F0D8F886
:101A100000F08EFA0022054B01201A60044B0432BC
:101A20001A6000F089FDFEE71CF00040C4F00040A1
:101A3000C0F00040431E5A425341A022F0B5D201EB
:101A40005B421340144E154A40019B183218127E17
:101A50008BB00191002A19D01A000832D46F0022ED
:101A6000E5B206AFE4B294420CDC3018C369002B37
:101A700006D0019A03A8027006AA42600572984730
:101A80000BB0F0BD1978B9540132ECE71A7D1A7821
:101A900006AB01251A70E8E76831FF1F00400040DF
:101AA0007FB5244B4101CA5C0400002A2AD05A1891
:101AB000107E002826D0907E002823D0107902289E
:101AC00020D11689D588701B80B2021C102800D93D
:101AD000102292B2AE4216D1591801230B71002385
:101AE000CA69CB800B819A4206D0684603210373F2
:101AF0000171029301A890470820002C00D0192002
:101B000000F0FCF87FBD013C60424441A0206442EB
:101B1000C001044008485B1824180848DD680633F3
:101B2000013A92B28242EDD019884E1C1E80695C47
:101B30002170F5E76831FF1F00400040FFFF000003
:101B40000F220E4B10B59868104002380A280BD8A7
:101B500000F0CEFC0D0A0B0A0A110A0A0A0A060056
:101B600002210020FFF766FF10BD0121F9E70020E8
:101B7000FFF796FFF8E7DB6FF6E7C046004000404E
:101B80000F220E4B10B59868104002380A280BD867
:101B900000F0AEFC0E0A0B0A0A120A0A0A0A060034
:101BA00002210120FFF746FF10BD01210800F9E7DF
:101BB0000120FFF775FFF7E7DB6FF5E700900040C6
:101BC000F8B50500012000F0F7FC134CA36AA26AE7
:101BD0009342FBD1114E336000F0C6FC1049030064
:101BE00008601048426894460F4A17680022BC45B6
:101BF00001D24268BA1A0D4802603268AD18A422B8
:101C0000E562606A520302436262094A1278002A5E
:101C100001D00F3B0B60F8BD00F00040340AFF1FFD
:101C2000E408FF1F28100040180AFF1F1C0AFF1FAE
:101C30001C09FF1F70B580241025E405A3682B4301
:101C4000A36000F0B1FCA368AB43A36070BDF7B51F
:101C50000B0CFF270122009300233C001E001D00F7
:101C60009446019089B262469A401000084018419B
:101C70003618B6B2FF2F02D1012E00D19FB20098C4
:101C800002401A41AD18ADB2FF2C02D1012D00D196
:101C90009CB20133102BE6D10320012E07D1012D78
:101CA00004D1019B2401E4191C700138FEBD102EE3
:101CB000FCD10238102DF9D00230F7E770B50400DE
:101CC00000F0AAFC00230C200B4A010059438D1898
:101CD000515C00290DD0A14208D1012300246B7072
:101CE00000F01AFC00F088FC200070BD01330A2BC4
:101CF000EBD11224F6E7C046F030FF1F70B50400A8
:101D000000F08AFC002319001D000C4A10780028FE
:101D100008D0A04200D15570507801311B180C3208
:101D20000A29F3D1002B05D100F0FEFB00F064FC82
:101D3000002070BD00F0F0FBF8E7C046F030FF1F58
:101D4000F7B504000C20002384460E4D019267462F
:101D50005F43E85D7E19A04212D000280BD10A4BE8
:101D60009C4662461B7808331370019B70707C554B
:101D70007160B360FEBD01330A2BE8D10320F9E79F
:101D80000720F7E7F030FF1FEC30FF1F70B500248D
:101D90000C26104B32006243D5189A5C824211D156
:101DA0000D4A1378F833137000F036FC092229002D
:101DB000121B72430C31280000F0EEFB00F01CFCFB
:101DC000002070BD002A02D001340A2CE2D112207A
:101DD000F7E7C046F030FF1FEC30FF1F8020F8B55A
:101DE000484BC0051B68C1248360474BFF251A6818
:101DF000012313434361454BA4001A68444B40211F
:101E00001A60444B1A68444B1A60444B1A59AA434F
:101E10001A51C52292009E58AE43314380269950F4
:101E20009F583F49F6010F403E439E509E588027E1
:101E30003602360A3043985080201A5900020A4070
:101E400002431A5104341A59364E3F043240802658
:101E50003A431A511A5936061202120A32431A51DB
:101E600008341A5980260A4002431A51C3229200AC
:101E70009F58B446AF4337439F509F58294E0F4059
:101E800007439F509F5837408026360437438026AB
:101E90009F509F5836063F023F0A37439F50C0224B
:101EA0001F59AF433A431A511A591202120A1643E4
:101EB000C6221E5192009C58AC4365462C439C5050
:101EC0009C5800250C4020439850C72080001A5889
:101ED000154C1140C02212020A431A50134B1B78B2
:101EE000DB08AB4201DC0020F8BD2378002B06D0D4
:101EF000A368002B00D0984701350C34EEE7122080
:101F0000F2E7C046D028FF1FCC28FF1FB0F00040EA
:101F1000E830FF1FB4F00040E430FF1F00E100E0B4
:101F2000FF00FFFFFFFF00FFF030FF1FEC30FF1F3F
:101F3000034A0449136800200B4013607047C046F1
:101F40001CF00040FFFFC1FF054B06491B780A68E3
:101F500005485B0702401B0B134300200B607047D2
:101F6000EC30FF1F1CF00040FFFFC1FF70B50C25D7
:101F7000FFF7EAFF0A4B1C780A4BE4086543ED18AB
:101F8000002C01D1200070BD2B78002B06D06B688F
:101F9000002B00D09847013C0C3DF1E71220F2E7FE
:101FA000EC30FF1FE430FF1F1FB5002102220B00A1
:101FB00001910091052000F0CFFA02230B490A6835
:101FC0001A42FCD120230393039B5A1E0392002B39
:101FD000FAD1074A1368002BFCDA0B246C4420006A
:101FE000012100F0B1FA207804B010BD90C8004083
:101FF00000C8004013B504000A4B0193019B002B5D
:1020000001D1112016BDFFF7CFFF2300034004428A
:1020100005D0052000F0D0FA019B013BEDE7180048
:10202000F0E7C046FFFFFF0707B500F0F5FA802292
:102030000821D205936A0191002B01D107399162E1
:1020400002210C4A11600199481E01900029FAD121
:1020500003311160053101910199481E0190002959
:10206000FAD11160002B02D18022D205936200F0D8
:10207000C3FA07BD00C00040F0B52D4C89B02378ED
:10208000002B4FD1FFF798FC02232A4F03903A68A8
:102090001A42FCD120230693069B5A1E0692002B5F
:1020A000FAD1254E3368002BFCDA0120FFF7A2FF9E
:1020B000011E02D0112009B0F0BD030003220190DF
:1020C000009005AD9F2000F047FA0321280000F0A2
:1020D0003BFA02233A681A42FCD120230793079B5C
:1020E0005A1E0792002BFAD13368002BFCDA01202C
:1020F000FFF780FF0028DDD10398FFF771FCAA7875
:102100006B7811041B020B4329780B4363601300A7
:10211000113B0A49052B07D801239340A3600B60AC
:10212000012323700020C6E780231B03F6E7C04687
:10213000C028FF1F90C8004000C800409808FF1F3B
:10214000F0B587B0029103920400FFF735FC0190CF
:1021500000F062FA802302250122234EDB05356060
:102160005D629A6200F048FA204F3B682B42FCD136
:1021700020230493049B5A1E0492002BFAD11C4D79
:102180002B68002BFCDA0120FFF734FF002802D077
:10219000112007B0F0BD2000039A029900F014FA54
:1021A000022304003A681A42FCD120230593059BC0
:1021B0005A1E0592002BFAD12B68002BFCDA012065
:1021C000FFF718FF051EE3D100F026FA8023032253
:1021D000DB0535605A629D6200F00EFA0198FFF748
:1021E000FFFBE0B2D5E7C04600C0004090C8004009
:1021F00000C80040F0B5802489B00600FFF7DCFB82
:10220000E405A36A02250393029000F005FA012376
:10221000304F3D606562A36200F0EEF92E4C2368FA
:102220002B42FCD120230593059B5A1E0592002BBF
:10223000FAD12A4D2B68002BFCDA0120FFF7DAFED9
:10224000002803D01124200009B0F0BD244B2360E6
:10225000022322681A42FCD120230693069B5A1EB1
:102260000692002BFAD12B68002BFCDA0120FFF735
:10227000C1FE021EE6D11B4B03211E60030001902C
:102280000090202000F068F9022322681A42FCD155
:1022900020230793079B5A1E0792002BFAD12B6825
:1022A000002BFCDA0320FFF7A5FE041ECAD100F0C4
:1022B000B3F980230322DB053C605A629C6200F084
:1022C0009BF9039B002B01D1FFF7AEFE0298FFF7AD
:1022D00087FBB8E700C0004090C8004000C800403D
:1022E0000100000694C8004007B5000201910422D5
:1022F000000A01A9FFF724FF0EBD000073B5050019
:1023000005240B4AA3005B429B1819686B46DE1D2F
:102310003000FFF79CFC022804D133782B55013C98
:10232000EFD276BD052CFCD00128FAD10230F8E7B7
:10233000140900111F2807D8012380228340D205E9
:1023400091680B43936070473F2808D8012380228F
:1023500020388340D20551690B435361F3E75F286E
:10236000F1D80123802240388340D205116A0B4303
:102370001362E8E71F2807D8012280218240C9059F
:102380008B6893438B6070473F2808D801228021D7
:1023900020388240C9054B6993434B61F3E75F28BE
:1023A000F1D80122802140388240C9050B6A93434D
:1023B0000B62E8E71F2810D880230200DB05153ADE
:1023C0001968012A06D820229143196019680A4326
:1023D0001A60704701228240F6E73F2811D8802317
:1023E0000200DB05353AD968032A06D8102291434A
:1023F000D960D9680A43DA60EBE7012220388240CD
:10240000F5E75F28E5D842238022181A413B834034
:10241000D205516A99435162516A0B435362D8E71E
:1024200010B50400012813D1A022184992050B68A9
:102430005B015B0913430B60154B164A1968114089
:10244000154A0A431A60402219680A431A6010BDEF
:102450000028FCD101000A2000F08EF821000B209A
:1024600000F08AF8C0220A4B920019680A43402102
:102470001A601A688A431A60B022044912060B686F
:102480005B015B0913430B60E1E7C04614F00040B9
:102490001CF000407F00FEFF80FD0100FA2110B516
:1024A0008900C00300F098F800F086F810BD000025
:1024B00072B6074A1368013313600422054B1A6091
:1024C0000023054A13608022D2055360FEE7C04610
:1024D0007808FF1FC0F00040C4F0004002B471460D
:1024E00049084900095649008E4402BC7047C0465D
:1024F00002B4714649084900095C49008E4402BC97
:102500007047C04603B47146490840004900095A63
:1025100049008E4403BC704701B40248844601BCA4
:10252000604700BF21A9000001B40248844601BCF5
:10253000604700BFADAE000001B40248844601BC54
:10254000604700BFA1AF000001B40248844601BC4F
:10255000604700BF3D71010001B40248844601BCE0
:10256000604700BF496D010001B40248844601BCC8
:10257000604700BFBD5C010001B40248844601BC55
:10258000604700BFA978011101B40248844601BC2C
:10259000604700BFE927000001B40248844601BC3F
:1025A000604700BF810E000001B40248844601BCB0
:1025B000604700BFDD3F000001B40248844601BC13
:1025C000604700BF0189000001B40248844601BC95
:1025D000604700BF9573010001B40248844601BC06
:1025E000604700BF090E000001B40248844601BCE8
:1025F000604700BF0D52010001B40248844601BC8F
:10260000604700BF9DA9000001B40248844601BC98
:10261000604700BF3190011101B40248844601BCFB
:08262000604700BF75A900002E
:1026280002000000BA970111010000001096011184
:1026380002000000B6970111010000006826FF1F84
:10264800020000001896011101000000402BFF1F36
:1026580002000000B497011103000000A02AFF1F28
:102668001200000002000000BA97011101000000EA
:102678005896011102000000B697011101000000F0
:102688005496011102000000609601110300000039
:10269800D12AFF1F02000000B497011103000000B7
:1026A800F22AFF1F02000000BA9701110100000082
:1026B8009496011102000000B69701110100000074
:1026C8008127FF1F02000000A696011101000000EB
:1026D8008F96011102000000B69701110100000059
:1026E8008027FF1F02000000A496011101000000CE
:1026F800FA2AFF1F02000000B6970111010000002E
:102708007F27FF1F02000000A296011101000000B0
:102718007F96011102000000B69701110100000028
:102728007E27FF1F02000000A09601110100000093
:102738007A96011102000000B6970111010000000D
:102748007D27FF1F020000009E9601110100000076
:102758007596011102000000B697011101000000F2
:102768007C27FF1F020000009C9601110100000059
:10277800709601110202020202020000000000002D
:1027880003040000CD1C0111C91C0111E0950111C1
:1027980090011D0018001800FFFF0701020304053F
:1027A8000602010600000000000000000000000012
:1027B8000000000000000000000000000000000011
:1027C8000300000002000000BA9701110100000098
:1027D8001097011102000000B697011101000000D6
:1027E8003C28FF1F020000001A9701110100000099
:1027F8003A2BFF1F02000000B497011103000000EC
:10280800AC2DFF1F02000000B69701110100000067
:102818003C28FF1F0200000018970111010000006A
:102828003C2BFF1F02000000B497011103000000B9
:10283800A42DFF1F120000000058004003040000F0
:102848000B000500F0000000B40000280028002854
:102858003075A000A000A000A00000080008E0015A
:10286800F0001000100010001000100010005000C0
:102878005000500010001000D007000000000000B9
:102888000F0001000500307507001000010081FFEE
:1028980000000000FF0000005D4A011165480111B9
:1028A800F5450111FFFF0100FF00000095740111BB
:1028B800057201111D7101110000000000000000E7
:1028C800000008005902E0018821280002000000E9
:1028D800BA97011101000000809801110200000060
:1028E800B6970111010000005129FF1F02000000E6
:1028F800B297011101000000A831FF1F020000007B
:10290800B6970111010000005029FF1F02000000C6
:10291800B0970111010000004E29FF1F02000000BE
:10292800B6970111010000004C29FF1F02000000AA
:10293800AE970111010000004429FF1F180018007C
:102948001D009001020000030202000002000000C6
:10295800BA970111010000009498011102000000CB
:10296800B6970111010000009429FF1F0200000022
:10297800AC970111000000000000000002000000F8
:0E298800B497011103000000C831FF1F20FFAB
:040000051FFF184180
:00000001FF
